timestamp,observed_aws,xgb_prob_fine,xgb_pred_occ_fine,xgb_pred_reg_fine,xgb_prob_fine_pre,xgb_pred_occ_fine_pre,xgb_pred_reg_fine_pre,lstm_prob_fine,lstm_pred_occ_fine,lstm_pred_reg_fine,lstm_prob_fine_pre,lstm_pred_occ_fine_pre,lstm_pred_reg_fine_pre
2026-04-06 01:00:00+00:00,0.6,0.53139955,1,1.367060661315918,0.99513584,1,0.9973531365394592,0.5582822,1,0.8310412168502808,1.0,1,0.9829909801483154
2026-04-06 02:00:00+00:00,2.1,0.5639735,1,0.9591713547706604,0.997156,1,0.5596573352813721,0.5582822,1,0.6886841058731079,0.9837587,1,0.43451443314552307
2026-04-06 03:00:00+00:00,0.9,0.8908838,1,3.0003550052642822,0.9986393,1,2.92634916305542,0.72727275,1,1.4644370079040527,1.0,1,3.0732226371765137
2026-04-06 04:00:00+00:00,0.6,0.58457714,1,1.0391746759414673,0.99801373,1,0.6350455284118652,0.5582822,1,0.8712705373764038,0.989899,1,1.0110199451446533
2026-04-06 05:00:00+00:00,0.6,0.61290115,1,1.061585783958435,0.9979996,1,0.45454397797584534,0.5582822,1,0.7101541757583618,1.0,1,0.4179851710796356
2026-04-06 06:00:00+00:00,2.4,0.7058222,1,1.1233160495758057,0.99460655,1,0.6491042971611023,0.62,1,0.5600272417068481,1.0,1,0.8316245079040527
2026-04-06 07:00:00+00:00,0.3,0.7982665,1,3.4217443466186523,0.99871135,1,3.303875684738159,0.93333334,1,2.38586688041687,1.0,1,4.380242347717285
2026-04-06 08:00:00+00:00,1.2,0.25497773,0,0.0,0.22935526,0,0.0,0.5582822,1,0.8573870658874512,0.012623985,0,0.0
2026-04-06 09:00:00+00:00,0.0,0.9485961,1,2.279235363006592,0.9976592,1,1.9361134767532349,0.64,1,0.7934868335723877,1.0,1,0.5479477643966675
2026-04-06 10:00:00+00:00,0.0,0.13178237,0,0.0,0.060475264,0,0.0,0.40123457,1,0.7963864803314209,0.024216523,0,0.0
2026-04-06 11:00:00+00:00,0.6,0.059330866,0,0.0,0.042278383,0,0.0,0.31736526,0,0.0,0.0024982155,0,0.0
2026-04-06 12:00:00+00:00,0.3,0.8143481,1,1.559269666671753,0.98939276,1,1.089440941810608,0.5582822,1,1.0250988006591797,1.0,1,1.0004491806030273
2026-04-06 13:00:00+00:00,1.5,0.2566904,0,0.0,0.28100142,0,0.0,0.5582822,1,1.0339441299438477,0.54385966,0,0.0
2026-04-06 14:00:00+00:00,0.0,0.8561642,1,2.734954595565796,0.9977233,1,2.7089171409606934,0.72727275,1,1.4194667339324951,1.0,1,2.7329728603363037
2026-04-06 15:00:00+00:00,0.0,0.07101307,0,0.0,0.012121476,0,0.0,0.40123457,1,0.902482271194458,0.012623985,0,0.0
2026-04-06 16:00:00+00:00,0.8999999999999999,0.1444606,0,0.0,0.039705537,0,0.0,0.31460676,0,0.0,0.0024982155,0,0.0
2026-04-06 17:00:00+00:00,0.0,0.8531852,1,1.8742040395736694,0.9968714,1,1.5683521032333374,0.5582822,1,1.0597541332244873,1.0,1,1.5075709819793701
2026-04-06 18:00:00+00:00,0.0,0.109825894,0,0.0,0.06648885,0,0.0,0.35135135,1,0.9650865793228149,0.041237112,0,0.0
2026-04-06 19:00:00+00:00,0.0,0.014106482,0,0.0,0.009731522,0,0.0,0.248,0,0.0,0.0037021802,0,0.0
2026-04-06 20:00:00+00:00,0.0,0.037649784,0,0.0,0.007277962,0,0.0,0.09455128,0,0.0,0.0037021802,0,0.0
2026-04-06 21:00:00+00:00,0.0,0.0135447765,0,0.0,0.0074967067,0,0.0,0.09455128,0,0.0,0.02347418,0,0.0
2026-04-06 22:00:00+00:00,0.0,0.020214869,0,0.0,0.0075125042,0,0.0,0.09455128,0,0.0,0.009357455,0,0.0
2026-04-06 23:00:00+00:00,0.9,0.01600591,0,0.0,0.007535742,0,0.0,0.09455128,0,0.0,0.07639231,0,0.0
2026-04-07 00:00:00+00:00,0.6,0.0037004836,0,0.0,0.3985468,0,0.0,0.40123457,1,0.8420735597610474,0.989899,1,1.4145913124084473
2026-04-07 01:00:00+00:00,0.6,0.62278986,1,1.422666311264038,0.9954202,1,0.81144779920578,0.5582822,1,0.6809004545211792,0.9948454,1,0.6550841331481934
2026-04-07 02:00:00+00:00,1.2,0.5333114,1,1.1445351839065552,0.99658906,1,0.6433998346328735,0.62,1,0.6480534076690674,1.0,1,0.5521073341369629
2026-04-07 03:00:00+00:00,0.3,0.7561745,1,2.234893321990967,0.99877113,1,1.7219879627227783,0.72727275,1,0.8155994415283203,1.0,1,1.797330379486084
2026-04-07 04:00:00+00:00,0.0,0.040844455,0,0.0,0.30512026,0,0.0,0.5582822,1,0.5602284669876099,0.10453401,0,0.0
2026-04-07 05:00:00+00:00,0.6,0.061401974,0,0.0,0.20005003,0,0.0,0.31460676,0,0.0,0.02347418,0,0.0
2026-04-07 06:00:00+00:00,0.6,0.55228263,1,1.898329257965088,0.9951196,1,1.2459551095962524,0.5582822,1,0.8874098062515259,1.0,1,1.3880207538604736
2026-04-07 07:00:00+00:00,0.8999999999999999,0.9351328,1,1.1750973463058472,0.9980427,1,0.6486371755599976,0.62,1,1.0335369110107422,1.0,1,0.7119354009628296
2026-04-07 08:00:00+00:00,0.8999999999999999,0.8849989,1,1.5671228170394897,0.99837685,1,1.1389886140823364,0.72727275,1,1.2588319778442383,1.0,1,1.5288355350494385
2026-04-07 09:00:00+00:00,2.1,0.94663554,1,1.1778780221939087,0.9983767,1,0.8946258425712585,0.6923077,1,0.7310864925384521,1.0,1,0.6698681116104126
2026-04-07 10:00:00+00:00,1.2,0.9682053,1,2.8695473670959473,0.99865,1,2.9799575805664062,0.93333334,1,2.597876787185669,1.0,1,3.5269908905029297
2026-04-07 11:00:00+00:00,0.0,0.9288451,1,1.3979660272598267,0.9985247,1,0.6990330815315247,0.62,1,0.8665204048156738,1.0,1,1.0350184440612793
2026-04-07 12:00:00+00:00,0.3,0.09056623,0,0.0,0.047363944,0,0.0,0.35135135,1,0.7904113531112671,0.0007204611,0,0.0
2026-04-07 13:00:00+00:00,0.6,0.6892558,1,0.8816701769828796,0.93964213,1,0.4118761420249939,0.55714285,1,0.8724702596664429,0.91729325,1,0.3570946455001831
2026-04-07 14:00:00+00:00,0.0,0.6824678,1,1.2410448789596558,0.99106747,1,0.8929345011711121,0.62,1,1.3861196041107178,1.0,1,1.1660640239715576
2026-04-07 15:00:00+00:00,0.0,0.20570809,0,0.0,0.10304137,0,0.0,0.35135135,1,1.071866512298584,0.02347418,0,0.0
2026-04-07 16:00:00+00:00,0.0,0.08273629,0,0.0,0.033466097,0,0.0,0.248,0,0.0,0.0024982155,0,0.0
2026-04-07 17:00:00+00:00,0.6,0.044931,0,0.0,0.009286543,0,0.0,0.09455128,0,0.0,0.012623985,0,0.0
2026-04-07 18:00:00+00:00,13.8,0.58036965,1,1.5326850414276123,0.9928288,1,1.1298203468322754,0.40123457,1,1.185187578201294,0.9948454,1,1.3708276748657227
2026-04-07 19:00:00+00:00,5.4,0.844652,1,3.9083940982818604,0.998575,1,6.565831184387207,0.64,1,3.731795310974121,1.0,1,10.311653137207031
2026-04-07 20:00:00+00:00,0.0,0.7899419,1,3.9574830532073975,0.9985393,1,4.998380184173584,0.64,1,1.4341011047363281,1.0,1,3.9628748893737793
2026-04-07 21:00:00+00:00,0.0,0.10292995,0,0.0,0.011880171,0,0.0,0.40123457,1,1.1057021617889404,0.0024982155,0,0.0
2026-04-07 22:00:00+00:00,0.0,0.09706726,0,0.0,0.009194754,0,0.0,0.31460676,0,0.0,0.0024982155,0,0.0
2026-04-07 23:00:00+00:00,2.1,0.13851844,0,0.0,0.011912889,0,0.0,0.31460676,0,0.0,0.034285713,0,0.0
2026-04-08 00:00:00+00:00,0.0,0.006826101,0,0.0,0.3537114,0,0.0,0.64,1,1.4753482341766357,0.989899,1,3.407169818878174
2026-04-08 01:00:00+00:00,0.0,0.059678633,0,0.0,0.08730776,0,0.0,0.31736526,0,0.0,0.07639231,0,0.0
2026-04-08 02:00:00+00:00,0.0,0.06938537,0,0.0,0.07504794,0,0.0,0.31460676,0,0.0,0.1722973,0,0.0
2026-04-08 03:00:00+00:00,0.0,0.05596399,0,0.0,0.081305675,0,0.0,0.31736526,0,0.0,0.044198897,0,0.0
2026-04-08 04:00:00+00:00,0.0,0.062913604,0,0.0,0.108839326,0,0.0,0.31460676,0,0.0,0.07639231,0,0.0
2026-04-08 05:00:00+00:00,0.0,0.05807194,0,0.0,0.15488033,0,0.0,0.09455128,0,0.0,0.14516129,0,0.0
2026-04-08 06:00:00+00:00,0.0,0.11583786,0,0.0,0.23719661,0,0.0,0.09455128,0,0.0,0.1722973,0,0.0
2026-04-08 07:00:00+00:00,0.0,0.124756575,0,0.0,0.24093758,0,0.0,0.09455128,0,0.0,0.2580645,0,0.0
2026-04-08 08:00:00+00:00,0.0,0.3053152,0,0.0,0.24131988,0,0.0,0.09455128,0,0.0,0.07639231,0,0.0
2026-04-08 09:00:00+00:00,0.0,0.18629894,0,0.0,0.11953736,0,0.0,0.09455128,0,0.0,0.14516129,0,0.0
2026-04-08 10:00:00+00:00,0.0,0.13068566,0,0.0,0.08206996,0,0.0,0.09455128,0,0.0,0.09417041,0,0.0
2026-04-08 11:00:00+00:00,0.3,0.089233115,0,0.0,0.047035933,0,0.0,0.09455128,0,0.0,0.07639231,0,0.0
2026-04-08 12:00:00+00:00,1.5,0.47075346,0,0.0,0.9342721,1,0.4846673309803009,0.31736526,0,0.0,0.9837587,1,0.47497493028640747
2026-04-08 13:00:00+00:00,0.0,0.82621896,1,3.097172737121582,0.99763775,1,2.7041311264038086,0.64,1,1.7224950790405273,1.0,1,3.1502556800842285
2026-04-08 14:00:00+00:00,0.0,0.3115139,0,0.0,0.058750212,0,0.0,0.31736526,0,0.0,0.0024982155,0,0.0
2026-04-08 15:00:00+00:00,0.6,0.12467179,0,0.0,0.024153238,0,0.0,0.248,0,0.0,0.0037021802,0,0.0
2026-04-08 16:00:00+00:00,3.0,0.6362046,1,1.9665955305099487,0.98016924,1,1.0921275615692139,0.55714285,1,1.255674123764038,0.9968553,1,1.0546681880950928
2026-04-08 17:00:00+00:00,0.8999999999999999,0.7653845,1,4.505978107452393,0.9981311,1,4.439622402191162,0.64,1,2.4019434452056885,1.0,1,4.9513840675354
2026-04-08 18:00:00+00:00,0.3,0.7128028,1,0.8845164179801941,0.9969547,1,0.6353570222854614,0.5582822,1,1.1326062679290771,0.54385966,0,0.0
2026-04-08 19:00:00+00:00,0.0,0.038275275,0,0.0,0.062605046,0,0.0,0.31736526,0,0.0,0.012623985,0,0.0
2026-04-08 20:00:00+00:00,0.0,0.066465884,0,0.0,0.0071634096,0,0.0,0.31460676,0,0.0,0.0007204611,0,0.0
2026-04-08 21:00:00+00:00,0.0,0.08034207,0,0.0,0.009590401,0,0.0,0.248,0,0.0,0.0037021802,0,0.0
2026-04-08 22:00:00+00:00,0.0,0.055856436,0,0.0,0.012817968,0,0.0,0.09455128,0,0.0,0.0037021802,0,0.0
2026-04-08 23:00:00+00:00,0.0,0.031407923,0,0.0,0.009506649,0,0.0,0.09455128,0,0.0,0.009357455,0,0.0
2026-04-09 00:00:00+00:00,0.0,0.058475036,0,0.0,0.15462996,0,0.0,0.09455128,0,0.0,0.10453401,0,0.0
2026-04-09 01:00:00+00:00,0.0,0.02529935,0,0.0,0.06993374,0,0.0,0.09455128,0,0.0,0.044198897,0,0.0
2026-04-09 02:00:00+00:00,0.0,0.08655539,0,0.0,0.06916066,0,0.0,0.09455128,0,0.0,0.07639231,0,0.0
2026-04-09 03:00:00+00:00,0.0,0.050511505,0,0.0,0.0625478,0,0.0,0.09455128,0,0.0,0.045861296,0,0.0
2026-04-09 04:00:00+00:00,0.0,0.056167904,0,0.0,0.08610659,0,0.0,0.09455128,0,0.0,0.07639231,0,0.0
2026-04-09 05:00:00+00:00,0.0,0.05046074,0,0.0,0.11440682,0,0.0,0.09455128,0,0.0,0.07639231,0,0.0
2026-04-09 06:00:00+00:00,0.0,0.0632514,0,0.0,0.17337207,0,0.0,0.09455128,0,0.0,0.10453401,0,0.0
2026-04-09 07:00:00+00:00,0.0,0.09791732,0,0.0,0.17739442,0,0.0,0.09455128,0,0.0,0.2580645,0,0.0
2026-04-09 08:00:00+00:00,0.0,0.10142075,0,0.0,0.13240546,0,0.0,0.09455128,0,0.0,0.1722973,0,0.0
2026-04-09 09:00:00+00:00,0.0,0.13050334,0,0.0,0.09866213,0,0.0,0.09455128,0,0.0,0.14516129,0,0.0
2026-04-09 10:00:00+00:00,4.2,0.10551382,0,0.0,0.07465678,0,0.0,0.09455128,0,0.0,0.10453401,0,0.0
2026-04-09 11:00:00+00:00,13.8,0.9041704,1,4.556059837341309,0.99723697,1,4.982631206512451,0.62,1,3.1878275871276855,1.0,1,4.437225818634033
2026-04-09 12:00:00+00:00,8.7,0.91986495,1,4.5626325607299805,0.9983968,1,6.536007404327393,0.64705884,1,2.4849209785461426,1.0,1,13.839676856994629
2026-04-09 13:00:00+00:00,1.2,0.8733631,1,4.981723308563232,0.9983127,1,7.187893390655518,0.7662262,1,3.23933744430542,1.0,1,3.835838794708252
2026-04-09 14:00:00+00:00,0.0,0.8287657,1,1.165795922279358,0.9942709,1,0.744961142539978,0.5582822,1,1.2429306507110596,0.024216523,0,0.0
2026-04-09 15:00:00+00:00,0.0,0.14547288,0,0.0,0.0114899,0,0.0,0.31736526,0,0.0,0.0024982155,0,0.0
2026-04-09 16:00:00+00:00,0.0,0.104202315,0,0.0,0.0103681665,0,0.0,0.248,0,0.0,0.012623985,0,0.0
2026-04-09 17:00:00+00:00,0.0,0.063298054,0,0.0,0.007433578,0,0.0,0.248,0,0.0,0.012623985,0,0.0
2026-04-09 18:00:00+00:00,0.0,0.03062291,0,0.0,0.008835684,0,0.0,0.09455128,0,0.0,0.0037021802,0,0.0
2026-04-09 19:00:00+00:00,0.0,0.020190341,0,0.0,0.007340755,0,0.0,0.09455128,0,0.0,0.0037021802,0,0.0
2026-04-09 20:00:00+00:00,0.0,0.010122912,0,0.0,0.0072434405,0,0.0,0.09455128,0,0.0,0.0037021802,0,0.0
2026-04-09 21:00:00+00:00,0.0,0.010426792,0,0.0,0.006289741,0,0.0,0.09455128,0,0.0,0.0024982155,0,0.0
2026-04-09 22:00:00+00:00,0.0,0.019956963,0,0.0,0.007111298,0,0.0,0.09455128,0,0.0,0.0037021802,0,0.0
2026-04-09 23:00:00+00:00,0.6,0.015576232,0,0.0,0.006854241,0,0.0,0.0,0,0.0,0.024216523,0,0.0
2026-04-10 00:00:00+00:00,0.6,0.004933636,0,0.0,0.29082608,0,0.0,0.31736526,0,0.0,0.9837587,1,1.0198991298675537
2026-04-10 01:00:00+00:00,0.0,0.60082155,1,1.4361900091171265,0.9945305,1,0.8709386587142944,0.5582822,1,0.7011528015136719,1.0,1,0.6391134262084961
2026-04-10 02:00:00+00:00,0.6,0.13930075,0,0.0,0.10531227,0,0.0,0.248,0,0.0,0.02347418,0,0.0
2026-04-10 03:00:00+00:00,0.3,0.4330568,0,0.0,0.99526006,1,1.1184890270233154,0.5582822,1,0.6289013624191284,0.9968553,1,0.8256015777587891
2026-04-10 04:00:00+00:00,0.9,0.055794373,0,0.0,0.36964348,0,0.0,0.5582822,1,0.5623847246170044,0.9837587,1,0.33662059903144836
2026-04-10 05:00:00+00:00,0.3,0.7441481,1,2.1758947372436523,0.9982821,1,1.6879655122756958,0.7058824,1,0.7654757499694824,1.0,1,1.836500883102417
2026-04-10 06:00:00+00:00,1.2,0.075772464,0,0.0,0.41838077,0,0.0,0.5582822,1,0.5379918813705444,0.29032257,0,0.0
2026-04-10 07:00:00+00:00,0.0,0.788671,1,2.507021188735962,0.9983669,1,2.114414691925049,0.72727275,1,1.2414660453796387,1.0,1,2.302628993988037
2026-04-10 08:00:00+00:00,1.5,0.10138061,0,0.0,0.18462537,0,0.0,0.40123457,1,0.7267040014266968,0.041237112,0,0.0
2026-04-10 09:00:00+00:00,0.6,0.7873992,1,3.2568445205688477,0.99760205,1,2.6305360794067383,0.64705884,1,2.1388134956359863,1.0,1,2.7005512714385986
2026-04-10 10:00:00+00:00,0.3,0.4816838,0,0.0,0.9672322,1,0.36468586325645447,0.5582822,1,0.8446319103240967,0.99072075,1,0.6984281539916992
2026-04-10 11:00:00+00:00,0.8999999999999999,0.058995124,0,0.0,0.10202784,0,0.0,0.5582822,1,0.9524015188217163,0.041237112,0,0.0
2026-04-10 12:00:00+00:00,0.6,0.9193919,1,1.952818751335144,0.99616027,1,1.468652367591858,0.64,1,0.9981832504272461,1.0,1,1.4018833637237549
2026-04-10 13:00:00+00:00,0.0,0.8950484,1,0.9605402946472168,0.9962753,1,0.4690747559070587,0.62,1,0.9845908880233765,0.9968553,1,0.5369362831115723
2026-04-10 14:00:00+00:00,0.0,0.12077656,0,0.0,0.030358804,0,0.0,0.40123457,1,0.9618005752563477,0.0007204611,0,0.0
2026-04-10 15:00:00+00:00,0.0,0.06924954,0,0.0,0.008222982,0,0.0,0.31460676,0,0.0,0.0037021802,0,0.0
2026-04-10 16:00:00+00:00,0.0,0.04835702,0,0.0,0.00754772,0,0.0,0.16,0,0.0,0.024216523,0,0.0
2026-04-10 17:00:00+00:00,0.0,0.028542625,0,0.0,0.011026459,0,0.0,0.09455128,0,0.0,0.0037021802,0,0.0
2026-04-10 18:00:00+00:00,0.0,0.026906168,0,0.0,0.009762717,0,0.0,0.09455128,0,0.0,0.009357455,0,0.0
2026-04-10 19:00:00+00:00,0.0,0.01720156,0,0.0,0.008729513,0,0.0,0.09455128,0,0.0,0.009357455,0,0.0
2026-04-10 20:00:00+00:00,0.0,0.014931178,0,0.0,0.0067832624,0,0.0,0.09455128,0,0.0,0.0037021802,0,0.0
2026-04-10 21:00:00+00:00,0.3,0.021454824,0,0.0,0.0071235597,0,0.0,0.09455128,0,0.0,0.0037021802,0,0.0
2026-04-10 22:00:00+00:00,0.0,0.5451103,1,0.7052493095397949,0.96487427,1,0.4436812400817871,0.31736526,0,0.0,0.9338843,1,0.37299844622612
2026-04-10 23:00:00+00:00,0.6,0.052854337,0,0.0,0.05139441,0,0.0,0.09455128,0,0.0,0.024216523,0,0.0
2026-04-11 00:00:00+00:00,0.9,0.0044994177,0,0.0,0.21241164,0,0.0,0.5582822,1,0.7444976568222046,0.3,0,0.0
2026-04-11 01:00:00+00:00,0.0,0.56846136,1,1.6843161582946777,0.9951462,1,1.2510007619857788,0.62,1,0.710091233253479,1.0,1,1.072847604751587
2026-04-11 02:00:00+00:00,0.0,0.068914235,0,0.0,0.06898427,0,0.0,0.31736526,0,0.0,0.034285713,0,0.0
2026-04-11 03:00:00+00:00,1.2,0.0366099,0,0.0,0.06458348,0,0.0,0.248,0,0.0,0.07639231,0,0.0
2026-04-11 04:00:00+00:00,0.0,0.5632572,1,2.071885585784912,0.99743646,1,2.015338897705078,0.62,1,0.8496462106704712,1.0,1,2.256086826324463
2026-04-11 05:00:00+00:00,0.6,0.08125803,0,0.0,0.18484212,0,0.0,0.40123457,1,0.6146517992019653,0.02354788,0,0.0
2026-04-11 06:00:00+00:00,2.1,0.25946075,0,0.0,0.9945116,1,1.3579705953598022,0.5582822,1,0.7079135179519653,1.0,1,0.7024862766265869
2026-04-11 07:00:00+00:00,1.5,0.8083019,1,3.1454813480377197,0.9987606,1,2.8752737045288086,0.72727275,1,1.9248466491699219,1.0,1,3.601330280303955
2026-04-11 08:00:00+00:00,0.6,0.6806596,1,1.507903814315796,0.9985366,1,1.1532056331634521,0.64,1,0.9199119806289673,1.0,1,1.1429553031921387
2026-04-11 09:00:00+00:00,0.6,0.6959948,1,0.9880145788192749,0.99171257,1,0.39243224263191223,0.62,1,0.59519362449646,0.66964287,0,0.0
2026-04-11 10:00:00+00:00,0.0,0.9431041,1,1.09673273563385,0.99176097,1,0.6103283762931824,0.62,1,0.6873947381973267,1.0,1,1.0272669792175293
2026-04-11 11:00:00+00:00,0.9,0.085684925,0,0.0,0.0353009,0,0.0,0.40123457,1,0.8732759952545166,0.012623985,0,0.0
2026-04-11 12:00:00+00:00,0.3,0.85556966,1,2.312875986099243,0.9965228,1,1.6781725883483887,0.62,1,1.3910117149353027,1.0,1,1.975893497467041
2026-04-11 13:00:00+00:00,0.0,0.29635537,0,0.0,0.23911327,0,0.0,0.5582822,1,0.9688771963119507,0.3,0,0.0
2026-04-11 14:00:00+00:00,0.6,0.12092548,0,0.0,0.030526657,0,0.0,0.31736526,0,0.0,0.0007204611,0,0.0
2026-04-11 15:00:00+00:00,0.0,0.613834,1,1.4827454090118408,0.99036306,1,1.093375325202942,0.5582822,1,1.0860521793365479,0.9968553,1,1.078131914138794
2026-04-11 16:00:00+00:00,0.0,0.44777897,0,0.0,0.17252953,0,0.0,0.33333334,1,1.0260875225067139,0.07639231,0,0.0
2026-04-11 17:00:00+00:00,0.0,0.031451266,0,0.0,0.012326588,0,0.0,0.248,0,0.0,0.009357455,0,0.0
2026-04-11 18:00:00+00:00,0.0,0.03691984,0,0.0,0.008354799,0,0.0,0.09455128,0,0.0,0.006430868,0,0.0
2026-04-11 19:00:00+00:00,0.0,0.029505914,0,0.0,0.013730086,0,0.0,0.09455128,0,0.0,0.02347418,0,0.0
2026-04-11 20:00:00+00:00,0.0,0.012961489,0,0.0,0.010874129,0,0.0,0.09455128,0,0.0,0.0037021802,0,0.0
2026-04-11 21:00:00+00:00,0.0,0.025809886,0,0.0,0.007894378,0,0.0,0.09455128,0,0.0,0.006430868,0,0.0
2026-04-11 22:00:00+00:00,0.0,0.0142744705,0,0.0,0.0061321985,0,0.0,0.09455128,0,0.0,0.0037021802,0,0.0
2026-04-11 23:00:00+00:00,0.0,0.029231321,0,0.0,0.006023867,0,0.0,0.09455128,0,0.0,0.009357455,0,0.0
2026-04-12 00:00:00+00:00,0.0,0.0563016,0,0.0,0.151874,0,0.0,0.09455128,0,0.0,0.14516129,0,0.0
2026-04-12 01:00:00+00:00,0.0,0.021406382,0,0.0,0.070897244,0,0.0,0.0,0,0.0,0.045861296,0,0.0
2026-04-12 02:00:00+00:00,0.0,0.06684355,0,0.0,0.057997517,0,0.0,0.0,0,0.0,0.09417041,0,0.0
2026-04-12 03:00:00+00:00,0.0,0.038108166,0,0.0,0.04935959,0,0.0,0.0,0,0.0,0.07639231,0,0.0
2026-04-12 04:00:00+00:00,0.0,0.030060561,0,0.0,0.08141184,0,0.0,0.09455128,0,0.0,0.07639231,0,0.0
2026-04-12 05:00:00+00:00,0.0,0.020722333,0,0.0,0.077750385,0,0.0,0.09455128,0,0.0,0.07639231,0,0.0
2026-04-12 06:00:00+00:00,0.0,0.035307255,0,0.0,0.1280249,0,0.0,0.0,0,0.0,0.10453401,0,0.0
2026-04-12 07:00:00+00:00,0.0,0.034546737,0,0.0,0.13009252,0,0.0,0.09455128,0,0.0,0.23076923,0,0.0
2026-04-12 08:00:00+00:00,0.0,0.024643116,0,0.0,0.1126275,0,0.0,0.09455128,0,0.0,0.10453401,0,0.0
2026-04-12 09:00:00+00:00,0.0,0.020015799,0,0.0,0.08235068,0,0.0,0.09455128,0,0.0,0.07639231,0,0.0
2026-04-12 10:00:00+00:00,0.0,0.037805595,0,0.0,0.054205686,0,0.0,0.09455128,0,0.0,0.07639231,0,0.0
2026-04-12 11:00:00+00:00,0.0,0.039843272,0,0.0,0.03938909,0,0.0,0.09455128,0,0.0,0.045861296,0,0.0
2026-04-12 12:00:00+00:00,0.0,0.044709057,0,0.0,0.030640049,0,0.0,0.09455128,0,0.0,0.024216523,0,0.0
2026-04-12 13:00:00+00:00,0.0,0.064286746,0,0.0,0.022643257,0,0.0,0.09455128,0,0.0,0.02354788,0,0.0
2026-04-12 14:00:00+00:00,0.0,0.06090814,0,0.0,0.02125866,0,0.0,0.076781146,0,0.0,0.02347418,0,0.0
2026-04-12 15:00:00+00:00,0.0,0.032998133,0,0.0,0.015388004,0,0.0,0.09455128,0,0.0,0.012623985,0,0.0
2026-04-12 16:00:00+00:00,0.0,0.02466933,0,0.0,0.013272739,0,0.0,0.09455128,0,0.0,0.012623985,0,0.0
2026-04-12 17:00:00+00:00,0.0,0.02346946,0,0.0,0.011589898,0,0.0,0.09455128,0,0.0,0.009357455,0,0.0
2026-04-12 18:00:00+00:00,0.0,0.019493526,0,0.0,0.010489121,0,0.0,0.09455128,0,0.0,0.009357455,0,0.0
2026-04-12 19:00:00+00:00,0.0,0.012603242,0,0.0,0.008476118,0,0.0,0.09455128,0,0.0,0.0037021802,0,0.0
2026-04-12 20:00:00+00:00,0.0,0.008681422,0,0.0,0.006740793,0,0.0,0.09455128,0,0.0,0.0037021802,0,0.0
2026-04-12 21:00:00+00:00,0.0,0.0060620974,0,0.0,0.005112427,0,0.0,0.0,0,0.0,0.0024982155,0,0.0
2026-04-12 22:00:00+00:00,0.0,0.020043876,0,0.0,0.0063950713,0,0.0,0.0,0,0.0,0.0024982155,0,0.0
2026-04-12 23:00:00+00:00,0.0,0.010062224,0,0.0,0.00642518,0,0.0,0.0,0,0.0,0.0024982155,0,0.0
2026-04-13 00:00:00+00:00,0.0,0.03136666,0,0.0,0.13672984,0,0.0,0.0,0,0.0,0.07639231,0,0.0
2026-04-13 01:00:00+00:00,0.0,0.030126061,0,0.0,0.086606055,0,0.0,0.0,0,0.0,0.07639231,0,0.0
2026-04-13 02:00:00+00:00,0.0,0.0437727,0,0.0,0.061515458,0,0.0,0.0,0,0.0,0.045861296,0,0.0
2026-04-13 03:00:00+00:00,0.0,0.019180479,0,0.0,0.04612791,0,0.0,0.0,0,0.0,0.041237112,0,0.0
2026-04-13 04:00:00+00:00,0.0,0.02099769,0,0.0,0.055348534,0,0.0,0.09455128,0,0.0,0.041237112,0,0.0
2026-04-13 05:00:00+00:00,0.0,0.022534357,0,0.0,0.08133538,0,0.0,0.09455128,0,0.0,0.045861296,0,0.0
2026-04-13 06:00:00+00:00,0.0,0.012391771,0,0.0,0.06072716,0,0.0,0.0,0,0.0,0.09417041,0,0.0
2026-04-13 07:00:00+00:00,0.0,0.014205823,0,0.0,0.069184735,0,0.0,0.0,0,0.0,0.09417041,0,0.0
2026-04-13 08:00:00+00:00,0.0,0.012178364,0,0.0,0.058202863,0,0.0,0.09455128,0,0.0,0.07639231,0,0.0
2026-04-13 09:00:00+00:00,0.0,0.012528976,0,0.0,0.05402443,0,0.0,0.09455128,0,0.0,0.07639231,0,0.0
2026-04-13 10:00:00+00:00,0.0,0.010471082,0,0.0,0.037081674,0,0.0,0.0,0,0.0,0.045861296,0,0.0
2026-04-13 11:00:00+00:00,0.0,0.029045964,0,0.0,0.032179084,0,0.0,0.0,0,0.0,0.034285713,0,0.0
2026-04-13 12:00:00+00:00,0.0,0.026144436,0,0.0,0.026094273,0,0.0,0.0,0,0.0,0.024216523,0,0.0
2026-04-13 13:00:00+00:00,0.0,0.06102977,0,0.0,0.027110284,0,0.0,0.0,0,0.0,0.02354788,0,0.0
2026-04-13 14:00:00+00:00,0.0,0.07886318,0,0.0,0.027257677,0,0.0,0.0,0,0.0,0.02347418,0,0.0
2026-04-13 15:00:00+00:00,0.0,0.05195847,0,0.0,0.01737411,0,0.0,0.0,0,0.0,0.021951219,0,0.0
2026-04-13 16:00:00+00:00,0.0,0.05483869,0,0.0,0.019155422,0,0.0,0.09455128,0,0.0,0.012623985,0,0.0
2026-04-13 17:00:00+00:00,0.0,0.036227573,0,0.0,0.015007478,0,0.0,0.09455128,0,0.0,0.009357455,0,0.0
2026-04-13 18:00:00+00:00,0.0,0.04220526,0,0.0,0.017564356,0,0.0,0.0,0,0.0,0.009357455,0,0.0
2026-04-13 19:00:00+00:00,0.0,0.02143068,0,0.0,0.011138986,0,0.0,0.0,0,0.0,0.0037021802,0,0.0
2026-04-13 20:00:00+00:00,0.0,0.011815709,0,0.0,0.0078079803,0,0.0,0.09455128,0,0.0,0.0037021802,0,0.0
2026-04-13 21:00:00+00:00,0.0,0.009633566,0,0.0,0.00684998,0,0.0,0.09455128,0,0.0,0.0024982155,0,0.0
2026-04-13 22:00:00+00:00,0.0,0.013045338,0,0.0,0.0077486304,0,0.0,0.09455128,0,0.0,0.0024982155,0,0.0
2026-04-13 23:00:00+00:00,0.9,0.009247313,0,0.0,0.0079015065,0,0.0,0.0,0,0.0,0.0037021802,0,0.0
2026-04-14 00:00:00+00:00,0.0,0.001525262,0,0.0,0.278843,0,0.0,0.31736526,0,0.0,0.7,1,1.389066219329834
2026-04-14 01:00:00+00:00,0.3,0.045705505,0,0.0,0.07360134,0,0.0,0.09455128,0,0.0,0.045861296,0,0.0
2026-04-14 02:00:00+00:00,0.8999999999999999,0.46814647,0,0.0,0.9899796,1,0.4208075702190399,0.09455128,0,0.0,0.9837587,1,0.3427278995513916
2026-04-14 03:00:00+00:00,0.6,0.6491464,1,2.0306262969970703,0.9980416,1,1.4931362867355347,0.40123457,1,0.7091299295425415,1.0,1,1.4416859149932861
2026-04-14 04:00:00+00:00,0.6,0.4778335,0,0.0,0.9973321,1,0.5919099450111389,0.5582822,1,0.5289640426635742,1.0,1,0.6301933526992798
2026-04-14 05:00:00+00:00,0.3,0.61609614,1,1.2499438524246216,0.9980427,1,0.6506993174552917,0.62,1,0.4716476798057556,1.0,1,0.6747667789459229
2026-04-14 06:00:00+00:00,0.3,0.20543423,0,0.0,0.6909855,1,0.3159942924976349,0.40123457,1,0.4303041994571686,0.54385966,0,0.0
2026-04-14 07:00:00+00:00,0.6,0.8184782,1,0.9195361137390137,0.9835259,1,0.31613993644714355,0.40123457,1,0.5580025911331177,0.9837587,1,0.3124525249004364
2026-04-14 08:00:00+00:00,0.3,0.86201566,1,1.0694423913955688,0.9968201,1,0.8809230923652649,0.5582822,1,0.7288933992385864,1.0,1,0.937012791633606
2026-04-14 09:00:00+00:00,0.0,0.49033776,0,0.0,0.5445996,1,0.31626400351524353,0.5582822,1,0.81879723072052,0.6956522,1,0.3694905936717987
2026-04-14 10:00:00+00:00,0.8999999999999999,0.048331957,0,0.0,0.047734756,0,0.0,0.31460676,0,0.0,0.0014925373,0,0.0
2026-04-14 11:00:00+00:00,0.0,0.90377545,1,2.0016636848449707,0.9971208,1,1.6426501274108887,0.62,1,1.140256404876709,1.0,1,1.6184484958648682
2026-04-14 12:00:00+00:00,0.9,0.075983986,0,0.0,0.049442936,0,0.0,0.375,1,0.9766473770141602,0.10453401,0,0.0
2026-04-14 13:00:00+00:00,1.5,0.7205875,1,2.5624237060546875,0.9958901,1,1.7463127374649048,0.64,1,1.7666840553283691,1.0,1,1.5575697422027588
2026-04-14 14:00:00+00:00,0.0,0.925781,1,1.931954264640808,0.998483,1,1.8873227834701538,0.72727275,1,1.043757677078247,1.0,1,2.4817490577697754
2026-04-14 15:00:00+00:00,0.0,0.16889763,0,0.0,0.05658401,0,0.0,0.40123457,1,0.651814341545105,0.0024982155,0,0.0
2026-04-14 16:00:00+00:00,0.0,0.12469401,0,0.0,0.014254296,0,0.0,0.31460676,0,0.0,0.0024982155,0,0.0
2026-04-14 17:00:00+00:00,0.6,0.093157075,0,0.0,0.011325975,0,0.0,0.248,0,0.0,0.012623985,0,0.0
2026-04-14 18:00:00+00:00,0.8999999999999999,0.62024325,1,2.012190818786621,0.9925718,1,1.1708353757858276,0.5582822,1,1.129885196685791,0.9948454,1,1.5371737480163574
2026-04-14 19:00:00+00:00,0.0,0.7689362,1,1.376724123954773,0.998285,1,1.1460070610046387,0.62,1,1.2811565399169922,1.0,1,0.8334337472915649
2026-04-14 20:00:00+00:00,0.0,0.2123443,0,0.0,0.06706549,0,0.0,0.31736526,0,0.0,0.0024982155,0,0.0
2026-04-14 21:00:00+00:00,0.0,0.06030376,0,0.0,0.010327066,0,0.0,0.248,0,0.0,0.0037021802,0,0.0
2026-04-14 22:00:00+00:00,0.0,0.03383936,0,0.0,0.007607676,0,0.0,0.16,0,0.0,0.006430868,0,0.0
2026-04-14 23:00:00+00:00,1.2,0.02208409,0,0.0,0.0060759643,0,0.0,0.09455128,0,0.0,0.02354788,0,0.0
2026-04-15 00:00:00+00:00,1.2,0.0016596761,0,0.0,0.22641952,0,0.0,0.5582822,1,1.1635432243347168,0.9837587,1,1.8629446029663086
2026-04-15 01:00:00+00:00,0.3,0.5824762,1,1.1128257513046265,0.9942551,1,1.066377878189087,0.62,1,0.774970293045044,1.0,1,1.038619041442871
2026-04-15 02:00:00+00:00,0.3,0.6267265,1,0.9388707876205444,0.94262695,1,0.4318963885307312,0.40123457,1,0.6755012273788452,0.1722973,0,0.0
2026-04-15 03:00:00+00:00,0.0,0.3607384,0,0.0,0.97028357,1,0.3153499662876129,0.40123457,1,0.6075117588043213,0.66964287,0,0.0
2026-04-15 04:00:00+00:00,0.6,0.04633835,0,0.0,0.09614822,0,0.0,0.31460676,0,0.0,0.02347418,0,0.0
2026-04-15 05:00:00+00:00,0.0,0.4269768,0,0.0,0.99463683,1,1.2373683452606201,0.5582822,1,0.7022427320480347,1.0,1,1.3771815299987793
2026-04-15 06:00:00+00:00,0.0,0.10194281,0,0.0,0.2219842,0,0.0,0.40123457,1,0.7022073268890381,0.1722973,0,0.0
2026-04-15 07:00:00+00:00,1.2,0.07489184,0,0.0,0.19667347,0,0.0,0.31460676,0,0.0,0.041237112,0,0.0
2026-04-15 08:00:00+00:00,0.6,0.856456,1,2.2753052711486816,0.9971923,1,2.0808610916137695,0.62,1,1.546091079711914,1.0,1,2.386146306991577
2026-04-15 09:00:00+00:00,0.3,0.8263915,1,1.0006505250930786,0.9899581,1,0.48325619101524353,0.5582822,1,1.0065417289733887,0.9948454,1,0.6401575803756714
2026-04-15 10:00:00+00:00,0.6,0.061796915,0,0.0,0.068341345,0,0.0,0.5582822,1,1.0994751453399658,0.07639231,0,0.0
2026-04-15 11:00:00+00:00,5.7,0.9158768,1,1.498948335647583,0.99225324,1,0.9041680693626404,0.62,1,0.876785397529602,1.0,1,1.1451566219329834
2026-04-15 12:00:00+00:00,0.8999999999999999,0.9714139,1,6.637818813323975,0.9983626,1,6.482583522796631,0.93333334,1,3.5758056640625,1.0,1,7.72548770904541
2026-04-15 13:00:00+00:00,0.3,0.9086345,1,1.4003902673721313,0.99749196,1,0.7629501819610596,0.5582822,1,1.2137234210968018,0.359375,0,0.0
2026-04-15 14:00:00+00:00,0.0,0.2542044,0,0.0,0.22311324,0,0.0,0.31736526,0,0.0,0.0037021802,0,0.0
2026-04-15 15:00:00+00:00,0.0,0.12888274,0,0.0,0.009189911,0,0.0,0.31460676,0,0.0,0.0024982155,0,0.0
2026-04-15 16:00:00+00:00,0.0,0.08744225,0,0.0,0.011285158,0,0.0,0.248,0,0.0,0.009357455,0,0.0
2026-04-15 17:00:00+00:00,0.0,0.13750048,0,0.0,0.033548143,0,0.0,0.09455128,0,0.0,0.009357455,0,0.0
2026-04-15 18:00:00+00:00,0.0,0.037885543,0,0.0,0.013791824,0,0.0,0.09455128,0,0.0,0.0037021802,0,0.0
2026-04-15 19:00:00+00:00,0.0,0.01874201,0,0.0,0.012954231,0,0.0,0.09455128,0,0.0,0.009357455,0,0.0
2026-04-15 20:00:00+00:00,0.0,0.014959215,0,0.0,0.008960178,0,0.0,0.09455128,0,0.0,0.0024982155,0,0.0
2026-04-15 21:00:00+00:00,0.0,0.0056193196,0,0.0,0.0068496624,0,0.0,0.09455128,0,0.0,0.0037021802,0,0.0
2026-04-15 22:00:00+00:00,0.0,0.014710641,0,0.0,0.009683157,0,0.0,0.09455128,0,0.0,0.0024982155,0,0.0
2026-04-15 23:00:00+00:00,0.3,0.014967649,0,0.0,0.0076491744,0,0.0,0.0,0,0.0,0.009357455,0,0.0
2026-04-16 00:00:00+00:00,0.0,0.00897563,0,0.0,0.34558335,0,0.0,0.31736526,0,0.0,0.3,0,0.0
2026-04-16 01:00:00+00:00,0.0,0.051583506,0,0.0,0.11188842,0,0.0,0.09455128,0,0.0,0.045861296,0,0.0
2026-04-16 02:00:00+00:00,0.0,0.043587238,0,0.0,0.061826445,0,0.0,0.09455128,0,0.0,0.19565217,0,0.0
2026-04-16 03:00:00+00:00,0.0,0.029673193,0,0.0,0.054667197,0,0.0,0.09455128,0,0.0,0.07639231,0,0.0
2026-04-16 04:00:00+00:00,0.0,0.017113792,0,0.0,0.060150046,0,0.0,0.09455128,0,0.0,0.09417041,0,0.0
2026-04-16 05:00:00+00:00,0.0,0.02355398,0,0.0,0.08423076,0,0.0,0.0,0,0.0,0.07639231,0,0.0
2026-04-16 06:00:00+00:00,0.0,0.020888263,0,0.0,0.07600324,0,0.0,0.0,0,0.0,0.10453401,0,0.0
2026-04-16 07:00:00+00:00,0.0,0.035978887,0,0.0,0.06180286,0,0.0,0.09455128,0,0.0,0.2580645,0,0.0
2026-04-16 08:00:00+00:00,0.0,0.013105041,0,0.0,0.0515643,0,0.0,0.0,0,0.0,0.10453401,0,0.0
2026-04-16 09:00:00+00:00,0.0,0.01413219,0,0.0,0.059478644,0,0.0,0.0,0,0.0,0.07639231,0,0.0
2026-04-16 10:00:00+00:00,0.0,0.026022505,0,0.0,0.0417046,0,0.0,0.09455128,0,0.0,0.045861296,0,0.0
2026-04-16 11:00:00+00:00,0.0,0.04572479,0,0.0,0.043200657,0,0.0,0.09455128,0,0.0,0.041237112,0,0.0
2026-04-16 12:00:00+00:00,0.0,0.03811403,0,0.0,0.033381823,0,0.0,0.018142547,0,0.0,0.034285713,0,0.0
2026-04-16 13:00:00+00:00,0.0,0.05183997,0,0.0,0.033806603,0,0.0,0.0,0,0.0,0.02354788,0,0.0
2026-04-16 14:00:00+00:00,0.0,0.096156366,0,0.0,0.024640422,0,0.0,0.0,0,0.0,0.021951219,0,0.0
2026-04-16 15:00:00+00:00,0.0,0.035247706,0,0.0,0.013610071,0,0.0,0.0,0,0.0,0.012623985,0,0.0
2026-04-16 16:00:00+00:00,0.0,0.04305207,0,0.0,0.011383947,0,0.0,0.0,0,0.0,0.012623985,0,0.0
2026-04-16 17:00:00+00:00,0.0,0.031470284,0,0.0,0.012126776,0,0.0,0.09455128,0,0.0,0.009357455,0,0.0
2026-04-16 18:00:00+00:00,0.0,0.020301232,0,0.0,0.010717023,0,0.0,0.0,0,0.0,0.009357455,0,0.0
2026-04-16 19:00:00+00:00,0.0,0.013345928,0,0.0,0.008862224,0,0.0,0.0,0,0.0,0.0037021802,0,0.0
2026-04-16 20:00:00+00:00,0.0,0.0169735,0,0.0,0.012014712,0,0.0,0.09455128,0,0.0,0.0037021802,0,0.0
2026-04-16 21:00:00+00:00,0.0,0.010601988,0,0.0,0.0075935195,0,0.0,0.09455128,0,0.0,0.0024982155,0,0.0
2026-04-16 22:00:00+00:00,0.0,0.00932352,0,0.0,0.0063506044,0,0.0,0.09455128,0,0.0,0.0024982155,0,0.0
2026-04-16 23:00:00+00:00,0.0,0.01700226,0,0.0,0.0072862217,0,0.0,0.0,0,0.0,0.0024982155,0,0.0
2026-04-17 00:00:00+00:00,0.0,0.032109693,0,0.0,0.12803811,0,0.0,0.0,0,0.0,0.07639231,0,0.0
2026-04-17 01:00:00+00:00,0.0,0.035704654,0,0.0,0.09691061,0,0.0,0.0,0,0.0,0.07639231,0,0.0
2026-04-17 02:00:00+00:00,0.0,0.026968319,0,0.0,0.03534016,0,0.0,0.0,0,0.0,0.07639231,0,0.0
2026-04-17 03:00:00+00:00,0.0,0.011002871,0,0.0,0.030419445,0,0.0,0.0,0,0.0,0.045861296,0,0.0
2026-04-17 04:00:00+00:00,0.0,0.009194598,0,0.0,0.033065077,0,0.0,0.0,0,0.0,0.041307755,0,0.0
2026-04-17 05:00:00+00:00,0.0,0.006292463,0,0.0,0.030196682,0,0.0,0.0,0,0.0,0.07639231,0,0.0
2026-04-17 06:00:00+00:00,0.0,0.014084661,0,0.0,0.050690368,0,0.0,0.09455128,0,0.0,0.07639231,0,0.0
2026-04-17 07:00:00+00:00,0.0,0.010069018,0,0.0,0.039721712,0,0.0,0.09455128,0,0.0,0.07639231,0,0.0
2026-04-17 08:00:00+00:00,0.0,0.007848478,0,0.0,0.02701335,0,0.0,0.0,0,0.0,0.07639231,0,0.0
2026-04-17 09:00:00+00:00,0.0,0.005740751,0,0.0,0.022765595,0,0.0,0.09455128,0,0.0,0.045861296,0,0.0
2026-04-17 10:00:00+00:00,0.0,0.010288903,0,0.0,0.021050071,0,0.0,0.09455128,0,0.0,0.024216523,0,0.0
2026-04-17 11:00:00+00:00,0.0,0.018130343,0,0.0,0.017338084,0,0.0,0.09455128,0,0.0,0.02347418,0,0.0
2026-04-17 12:00:00+00:00,0.0,0.025196826,0,0.0,0.018999305,0,0.0,0.09455128,0,0.0,0.02347418,0,0.0
2026-04-17 13:00:00+00:00,0.0,0.058084358,0,0.0,0.017726334,0,0.0,0.09455128,0,0.0,0.012623985,0,0.0
2026-04-17 14:00:00+00:00,0.0,0.056285843,0,0.0,0.01668971,0,0.0,0.0,0,0.0,0.012623985,0,0.0
2026-04-17 15:00:00+00:00,0.0,0.039686926,0,0.0,0.010848269,0,0.0,0.0,0,0.0,0.009357455,0,0.0
2026-04-17 16:00:00+00:00,0.0,0.035393175,0,0.0,0.011884247,0,0.0,0.0,0,0.0,0.009357455,0,0.0
2026-04-17 17:00:00+00:00,0.0,0.02158801,0,0.0,0.0102191055,0,0.0,0.0,0,0.0,0.009357455,0,0.0
2026-04-17 18:00:00+00:00,0.0,0.012516028,0,0.0,0.010651224,0,0.0,0.09455128,0,0.0,0.0037021802,0,0.0
2026-04-17 19:00:00+00:00,0.3,0.016508609,0,0.0,0.009234357,0,0.0,0.09455128,0,0.0,0.0037021802,0,0.0
2026-04-17 20:00:00+00:00,0.0,0.2294336,0,0.0,0.8358769,1,0.43589115142822266,0.31460676,0,0.0,0.8703704,1,0.3398483097553253
2026-04-17 21:00:00+00:00,0.0,0.034591757,0,0.0,0.031452477,0,0.0,0.09455128,0,0.0,0.012623985,0,0.0
2026-04-17 22:00:00+00:00,0.0,0.02223445,0,0.0,0.010994132,0,0.0,0.0,0,0.0,0.012623985,0,0.0
2026-04-17 23:00:00+00:00,0.0,0.10457083,0,0.0,0.04681203,0,0.0,0.0,0,0.0,0.009357455,0,0.0
2026-04-18 00:00:00+00:00,0.0,0.039061178,0,0.0,0.12998283,0,0.0,0.0,0,0.0,0.09417041,0,0.0
2026-04-18 01:00:00+00:00,0.0,0.024913412,0,0.0,0.08420826,0,0.0,0.0,0,0.0,0.07639231,0,0.0
2026-04-18 02:00:00+00:00,0.3,0.025960216,0,0.0,0.030933643,0,0.0,0.0,0,0.0,0.045861296,0,0.0
2026-04-18 03:00:00+00:00,0.0,0.3257251,0,0.0,0.9864378,1,0.4489859640598297,0.248,0,0.0,1.0,1,0.3472537100315094
2026-04-18 04:00:00+00:00,0.0,0.017662572,0,0.0,0.062594794,0,0.0,0.09455128,0,0.0,0.09417041,0,0.0
2026-04-18 05:00:00+00:00,0.0,0.004061879,0,0.0,0.020622473,0,0.0,0.0,0,0.0,0.07639231,0,0.0
2026-04-18 06:00:00+00:00,0.0,0.011979743,0,0.0,0.051087648,0,0.0,0.0,0,0.0,0.041237112,0,0.0
2026-04-18 07:00:00+00:00,0.0,0.00374287,0,0.0,0.017071022,0,0.0,0.0,0,0.0,0.034285713,0,0.0
2026-04-18 08:00:00+00:00,0.0,0.0022081858,0,0.0,0.010254848,0,0.0,0.0,0,0.0,0.024216523,0,0.0
2026-04-18 09:00:00+00:00,0.0,0.007214104,0,0.0,0.02221538,0,0.0,0.0,0,0.0,0.02354788,0,0.0
2026-04-18 10:00:00+00:00,0.0,0.0057424987,0,0.0,0.017893674,0,0.0,0.09455128,0,0.0,0.02354788,0,0.0
2026-04-18 11:00:00+00:00,0.0,0.020849358,0,0.0,0.020967064,0,0.0,0.0,0,0.0,0.021951219,0,0.0
2026-04-18 12:00:00+00:00,0.0,0.019580947,0,0.0,0.017091068,0,0.0,0.09455128,0,0.0,0.02347418,0,0.0
2026-04-18 13:00:00+00:00,0.0,0.069314934,0,0.0,0.023845553,0,0.0,0.09455128,0,0.0,0.012623985,0,0.0
2026-04-18 14:00:00+00:00,0.0,0.05946922,0,0.0,0.024078237,0,0.0,0.09455128,0,0.0,0.012623985,0,0.0
2026-04-18 15:00:00+00:00,0.0,0.06958901,0,0.0,0.018565787,0,0.0,0.0,0,0.0,0.009357455,0,0.0
2026-04-18 16:00:00+00:00,1.7999999999999998,0.05639441,0,0.0,0.014974836,0,0.0,0.09455128,0,0.0,0.009357455,0,0.0
2026-04-18 17:00:00+00:00,0.0,0.54165316,1,3.921292543411255,0.997008,1,3.084200859069824,0.5582822,1,2.306941270828247,1.0,1,2.8889095783233643
2026-04-18 18:00:00+00:00,0.0,0.1191951,0,0.0,0.055413008,0,0.0,0.248,0,0.0,0.012623985,0,0.0
2026-04-18 19:00:00+00:00,0.0,0.026371123,0,0.0,0.017114049,0,0.0,0.09455128,0,0.0,0.0037021802,0,0.0
2026-04-18 20:00:00+00:00,0.0,0.044213317,0,0.0,0.00911288,0,0.0,0.09455128,0,0.0,0.0037021802,0,0.0
2026-04-18 21:00:00+00:00,0.0,0.009518404,0,0.0,0.0072766566,0,0.0,0.09455128,0,0.0,0.0037021802,0,0.0
2026-04-18 22:00:00+00:00,0.0,0.010765919,0,0.0,0.007999838,0,0.0,0.09455128,0,0.0,0.0037021802,0,0.0
2026-04-18 23:00:00+00:00,0.0,0.025004743,0,0.0,0.00917641,0,0.0,0.0,0,0.0,0.009357455,0,0.0
2026-04-19 00:00:00+00:00,0.0,0.04009556,0,0.0,0.12523197,0,0.0,0.09455128,0,0.0,0.14516129,0,0.0
2026-04-19 01:00:00+00:00,0.0,0.040399272,0,0.0,0.11301914,0,0.0,0.09455128,0,0.0,0.041237112,0,0.0
2026-04-19 02:00:00+00:00,0.0,0.028984427,0,0.0,0.047980417,0,0.0,0.0,0,0.0,0.07639231,0,0.0
2026-04-19 03:00:00+00:00,0.0,0.010374083,0,0.0,0.030414665,0,0.0,0.0,0,0.0,0.07639231,0,0.0
2026-04-19 04:00:00+00:00,0.0,0.012204637,0,0.0,0.03280433,0,0.0,0.0,0,0.0,0.07639231,0,0.0
2026-04-19 05:00:00+00:00,0.0,0.006680651,0,0.0,0.03118714,0,0.0,0.0,0,0.0,0.07639231,0,0.0
2026-04-19 06:00:00+00:00,0.0,0.010679646,0,0.0,0.048282165,0,0.0,0.09455128,0,0.0,0.09417041,0,0.0
2026-04-19 07:00:00+00:00,0.0,0.009924731,0,0.0,0.047366645,0,0.0,0.044609647,0,0.0,0.10453401,0,0.0
2026-04-19 08:00:00+00:00,0.0,0.012171088,0,0.0,0.050507504,0,0.0,0.09455128,0,0.0,0.09417041,0,0.0
2026-04-19 09:00:00+00:00,0.0,0.0095777325,0,0.0,0.033669803,0,0.0,0.0,0,0.0,0.07639231,0,0.0
2026-04-19 10:00:00+00:00,0.0,0.011626218,0,0.0,0.038646515,0,0.0,0.0,0,0.0,0.034285713,0,0.0
2026-04-19 11:00:00+00:00,0.0,0.008484055,0,0.0,0.0142177325,0,0.0,0.0,0,0.0,0.02354788,0,0.0
2026-04-19 12:00:00+00:00,0.0,0.011625972,0,0.0,0.013076715,0,0.0,0.0,0,0.0,0.021951219,0,0.0
2026-04-19 13:00:00+00:00,0.0,0.015555999,0,0.0,0.012685711,0,0.0,0.0,0,0.0,0.012623985,0,0.0
2026-04-19 14:00:00+00:00,0.0,0.01665341,0,0.0,0.012279988,0,0.0,0.0,0,0.0,0.009357455,0,0.0
2026-04-19 15:00:00+00:00,0.0,0.019008163,0,0.0,0.008048561,0,0.0,0.0,0,0.0,0.009357455,0,0.0
2026-04-19 16:00:00+00:00,0.0,0.021656338,0,0.0,0.010144206,0,0.0,0.0,0,0.0,0.009357455,0,0.0
2026-04-19 17:00:00+00:00,0.0,0.014973367,0,0.0,0.010889563,0,0.0,0.0,0,0.0,0.006430868,0,0.0
2026-04-19 18:00:00+00:00,0.0,0.007076405,0,0.0,0.007815283,0,0.0,0.0,0,0.0,0.0037021802,0,0.0
2026-04-19 19:00:00+00:00,0.0,0.008030521,0,0.0,0.0072951214,0,0.0,0.0,0,0.0,0.0037021802,0,0.0
2026-04-19 20:00:00+00:00,0.0,0.01244057,0,0.0,0.007929951,0,0.0,0.0,0,0.0,0.0037021802,0,0.0
2026-04-19 21:00:00+00:00,0.0,0.011217634,0,0.0,0.0067916717,0,0.0,0.0,0,0.0,0.0024982155,0,0.0
2026-04-19 22:00:00+00:00,0.0,0.008591479,0,0.0,0.007353759,0,0.0,0.09455128,0,0.0,0.0024982155,0,0.0
2026-04-19 23:00:00+00:00,0.0,0.0048078885,0,0.0,0.006102416,0,0.0,0.0,0,0.0,0.0024982155,0,0.0
2026-04-20 00:00:00+00:00,0.0,0.027869105,0,0.0,0.11528775,0,0.0,0.0,0,0.0,0.07639231,0,0.0
2026-04-20 01:00:00+00:00,0.0,0.016405087,0,0.0,0.04576637,0,0.0,0.0,0,0.0,0.07639231,0,0.0
2026-04-20 02:00:00+00:00,0.0,0.021978395,0,0.0,0.030913908,0,0.0,0.0,0,0.0,0.045861296,0,0.0
2026-04-20 03:00:00+00:00,0.0,0.014315806,0,0.0,0.02302292,0,0.0,0.0,0,0.0,0.024216523,0,0.0
2026-04-20 04:00:00+00:00,0.0,0.005578401,0,0.0,0.016623441,0,0.0,0.0,0,0.0,0.02347418,0,0.0
2026-04-20 05:00:00+00:00,0.0,0.0016724643,0,0.0,0.0086426865,0,0.0,0.0,0,0.0,0.021951219,0,0.0
2026-04-20 06:00:00+00:00,0.0,0.0021265491,0,0.0,0.008451998,0,0.0,0.0,0,0.0,0.02354788,0,0.0
2026-04-20 07:00:00+00:00,0.0,0.0018271289,0,0.0,0.009279176,0,0.0,0.0,0,0.0,0.024216523,0,0.0
2026-04-20 08:00:00+00:00,0.0,0.0021480864,0,0.0,0.010346348,0,0.0,0.0,0,0.0,0.02354788,0,0.0
2026-04-20 09:00:00+00:00,0.0,0.0030765526,0,0.0,0.012630527,0,0.0,0.0,0,0.0,0.02347418,0,0.0
2026-04-20 10:00:00+00:00,0.0,0.0058180285,0,0.0,0.012884606,0,0.0,0.0,0,0.0,0.021951219,0,0.0
2026-04-20 11:00:00+00:00,0.0,0.012444917,0,0.0,0.018481532,0,0.0,0.0,0,0.0,0.012623985,0,0.0
2026-04-20 12:00:00+00:00,0.0,0.011423141,0,0.0,0.01325265,0,0.0,0.0,0,0.0,0.012623985,0,0.0
2026-04-20 13:00:00+00:00,0.0,0.022776539,0,0.0,0.011708614,0,0.0,0.0,0,0.0,0.012623985,0,0.0
2026-04-20 14:00:00+00:00,0.0,0.027411478,0,0.0,0.012233107,0,0.0,0.0,0,0.0,0.012623985,0,0.0
2026-04-20 15:00:00+00:00,0.0,0.027794102,0,0.0,0.009912153,0,0.0,0.0,0,0.0,0.009357455,0,0.0
2026-04-20 16:00:00+00:00,0.0,0.036342207,0,0.0,0.011724234,0,0.0,0.0,0,0.0,0.009357455,0,0.0
2026-04-20 17:00:00+00:00,0.0,0.023228645,0,0.0,0.01285243,0,0.0,0.0,0,0.0,0.009357455,0,0.0
2026-04-20 18:00:00+00:00,0.0,0.019705122,0,0.0,0.014350588,0,0.0,0.0,0,0.0,0.009357455,0,0.0
2026-04-20 19:00:00+00:00,0.0,0.021370245,0,0.0,0.012433963,0,0.0,0.0,0,0.0,0.009357455,0,0.0
2026-04-20 20:00:00+00:00,0.0,0.02134324,0,0.0,0.010365686,0,0.0,0.0,0,0.0,0.0037021802,0,0.0
2026-04-20 21:00:00+00:00,0.0,0.016999878,0,0.0,0.008375835,0,0.0,0.0,0,0.0,0.0037021802,0,0.0
2026-04-20 22:00:00+00:00,0.0,0.022198232,0,0.0,0.009023344,0,0.0,0.0,0,0.0,0.0024982155,0,0.0
2026-04-20 23:00:00+00:00,0.0,0.00795648,0,0.0,0.009455524,0,0.0,0.09455128,0,0.0,0.0037021802,0,0.0
2026-04-21 00:00:00+00:00,0.3,0.02489823,0,0.0,0.07529506,0,0.0,0.09455128,0,0.0,0.07639231,0,0.0
2026-04-21 01:00:00+00:00,2.1,0.43821076,0,0.0,0.9861379,1,0.4765130579471588,0.248,0,0.0,0.989899,1,0.5129929780960083
2026-04-21 02:00:00+00:00,0.0,0.48590738,0,0.0,0.99652857,1,2.5621047019958496,0.62,1,1.4979240894317627,1.0,1,3.0191211700439453
2026-04-21 03:00:00+00:00,2.1,0.07039983,0,0.0,0.062087856,0,0.0,0.31736526,0,0.0,0.012623985,0,0.0
2026-04-21 04:00:00+00:00,0.0,0.5451154,1,3.756699323654175,0.9975629,1,3.3454113006591797,0.62,1,1.6874778270721436,1.0,1,2.2523250579833984
2026-04-21 05:00:00+00:00,0.0,0.17355925,0,0.0,0.12169317,0,0.0,0.35135135,1,0.895278811454773,0.024216523,0,0.0
2026-04-21 06:00:00+00:00,0.0,0.052249085,0,0.0,0.09272175,0,0.0,0.31460676,0,0.0,0.02347418,0,0.0
2026-04-21 07:00:00+00:00,0.0,0.033676103,0,0.0,0.09602834,0,0.0,0.248,0,0.0,0.2580645,0,0.0
2026-04-21 08:00:00+00:00,0.0,0.030638674,0,0.0,0.106575534,0,0.0,0.248,0,0.0,0.1722973,0,0.0
2026-04-21 09:00:00+00:00,0.0,0.04301796,0,0.0,0.07814644,0,0.0,0.09455128,0,0.0,0.14516129,0,0.0
2026-04-21 10:00:00+00:00,0.0,0.054408826,0,0.0,0.05075471,0,0.0,0.09455128,0,0.0,0.045861296,0,0.0
2026-04-21 11:00:00+00:00,0.0,0.06902022,0,0.0,0.043340318,0,0.0,0.09455128,0,0.0,0.07639231,0,0.0
2026-04-21 12:00:00+00:00,0.3,0.039318074,0,0.0,0.027917068,0,0.0,0.09455128,0,0.0,0.02354788,0,0.0
2026-04-21 13:00:00+00:00,0.0,0.4109311,0,0.0,0.9218733,1,0.45122647285461426,0.31736526,0,0.0,0.9782609,1,0.5403035879135132
2026-04-21 14:00:00+00:00,0.0,0.093673125,0,0.0,0.027080594,0,0.0,0.09455128,0,0.0,0.045861296,0,0.0
2026-04-21 15:00:00+00:00,4.5,0.040002298,0,0.0,0.0120157935,0,0.0,0.09455128,0,0.0,0.021951219,0,0.0
2026-04-21 16:00:00+00:00,0.0,0.698823,1,4.74006986618042,0.99717915,1,5.413468360900879,0.62,1,2.7133095264434814,1.0,1,3.9842286109924316
2026-04-21 17:00:00+00:00,0.0,0.11339659,0,0.0,0.039363034,0,0.0,0.35135135,1,1.1608188152313232,0.009357455,0,0.0
2026-04-21 18:00:00+00:00,0.0,0.019941064,0,0.0,0.0123153655,0,0.0,0.248,0,0.0,0.006430868,0,0.0
2026-04-21 19:00:00+00:00,0.0,0.04666021,0,0.0,0.009588039,0,0.0,0.31460676,0,0.0,0.009357455,0,0.0
2026-04-21 20:00:00+00:00,0.0,0.020823402,0,0.0,0.010398889,0,0.0,0.31460676,0,0.0,0.012623985,0,0.0
2026-04-21 21:00:00+00:00,0.0,0.018529508,0,0.0,0.009908425,0,0.0,0.09455128,0,0.0,0.012623985,0,0.0
2026-04-21 22:00:00+00:00,0.0,0.018419152,0,0.0,0.011324843,0,0.0,0.09455128,0,0.0,0.012623985,0,0.0
2026-04-21 23:00:00+00:00,0.0,0.03573835,0,0.0,0.013573101,0,0.0,0.09455128,0,0.0,0.041237112,0,0.0
2026-04-22 00:00:00+00:00,0.0,0.04029776,0,0.0,0.104655884,0,0.0,0.09455128,0,0.0,0.09417041,0,0.0
2026-04-22 01:00:00+00:00,0.0,0.053907193,0,0.0,0.072004035,0,0.0,0.09455128,0,0.0,0.07639231,0,0.0
2026-04-22 02:00:00+00:00,0.0,0.1231529,0,0.0,0.094695725,0,0.0,0.09455128,0,0.0,0.07639231,0,0.0
2026-04-22 03:00:00+00:00,0.0,0.04678239,0,0.0,0.049173366,0,0.0,0.09455128,0,0.0,0.07639231,0,0.0
2026-04-22 04:00:00+00:00,0.0,0.057350736,0,0.0,0.08442808,0,0.0,0.09455128,0,0.0,0.07639231,0,0.0
2026-04-22 05:00:00+00:00,0.0,0.05322443,0,0.0,0.080384165,0,0.0,0.09455128,0,0.0,0.14516129,0,0.0
2026-04-22 06:00:00+00:00,0.0,0.08507083,0,0.0,0.13644846,0,0.0,0.09455128,0,0.0,0.1722973,0,0.0
2026-04-22 07:00:00+00:00,0.0,0.08299214,0,0.0,0.14111517,0,0.0,0.09455128,0,0.0,0.2580645,0,0.0
2026-04-22 08:00:00+00:00,0.0,0.11230485,0,0.0,0.14558387,0,0.0,0.09455128,0,0.0,0.2580645,0,0.0
2026-04-22 09:00:00+00:00,0.0,0.11996295,0,0.0,0.0946349,0,0.0,0.09455128,0,0.0,0.1722973,0,0.0
2026-04-22 10:00:00+00:00,0.0,0.13370357,0,0.0,0.07156042,0,0.0,0.09455128,0,0.0,0.125,0,0.0
2026-04-22 11:00:00+00:00,0.0,0.09866949,0,0.0,0.054299023,0,0.0,0.09455128,0,0.0,0.07639231,0,0.0
2026-04-22 12:00:00+00:00,0.0,0.072500765,0,0.0,0.044007793,0,0.0,0.09455128,0,0.0,0.045861296,0,0.0
2026-04-22 13:00:00+00:00,0.0,0.10904736,0,0.0,0.03530521,0,0.0,0.09455128,0,0.0,0.041237112,0,0.0
2026-04-22 14:00:00+00:00,0.0,0.109466076,0,0.0,0.036939878,0,0.0,0.09455128,0,0.0,0.024216523,0,0.0
2026-04-22 15:00:00+00:00,0.0,0.045899842,0,0.0,0.0130728455,0,0.0,0.09455128,0,0.0,0.02354788,0,0.0
2026-04-22 16:00:00+00:00,0.0,0.043911163,0,0.0,0.022337647,0,0.0,0.09455128,0,0.0,0.02347418,0,0.0
2026-04-22 17:00:00+00:00,0.0,0.019811213,0,0.0,0.012522046,0,0.0,0.09455128,0,0.0,0.012623985,0,0.0
2026-04-22 18:00:00+00:00,0.0,0.018945586,0,0.0,0.011211929,0,0.0,0.09455128,0,0.0,0.012623985,0,0.0
2026-04-22 19:00:00+00:00,0.0,0.015422452,0,0.0,0.010253483,0,0.0,0.09455128,0,0.0,0.009357455,0,0.0
2026-04-22 20:00:00+00:00,0.0,0.01610326,0,0.0,0.009736771,0,0.0,0.09455128,0,0.0,0.009357455,0,0.0
2026-04-22 21:00:00+00:00,0.0,0.0068496917,0,0.0,0.0065983334,0,0.0,0.09455128,0,0.0,0.0037021802,0,0.0
2026-04-22 22:00:00+00:00,0.0,0.008309418,0,0.0,0.006220249,0,0.0,0.09455128,0,0.0,0.0024982155,0,0.0
2026-04-22 23:00:00+00:00,0.0,0.019370675,0,0.0,0.0068588904,0,0.0,0.09455128,0,0.0,0.009357455,0,0.0
2026-04-23 00:00:00+00:00,0.0,0.03779856,0,0.0,0.1237597,0,0.0,0.0,0,0.0,0.10453401,0,0.0
2026-04-23 01:00:00+00:00,0.0,0.044000555,0,0.0,0.076830894,0,0.0,0.0,0,0.0,0.07639231,0,0.0
2026-04-23 02:00:00+00:00,0.0,0.0614612,0,0.0,0.061303053,0,0.0,0.0,0,0.0,0.07639231,0,0.0
2026-04-23 03:00:00+00:00,0.0,0.032361284,0,0.0,0.050107107,0,0.0,0.09455128,0,0.0,0.07639231,0,0.0
2026-04-23 04:00:00+00:00,0.0,0.014540314,0,0.0,0.058062878,0,0.0,0.0,0,0.0,0.07639231,0,0.0
2026-04-23 05:00:00+00:00,0.0,0.017885245,0,0.0,0.058517102,0,0.0,0.0,0,0.0,0.07639231,0,0.0
2026-04-23 06:00:00+00:00,0.0,0.027023006,0,0.0,0.09103626,0,0.0,0.0,0,0.0,0.10453401,0,0.0
2026-04-23 07:00:00+00:00,0.0,0.03467225,0,0.0,0.111331895,0,0.0,0.09455128,0,0.0,0.07639231,0,0.0
2026-04-23 08:00:00+00:00,0.0,0.053036444,0,0.0,0.09218317,0,0.0,0.09455128,0,0.0,0.10453401,0,0.0
2026-04-23 09:00:00+00:00,0.0,0.06706615,0,0.0,0.09333755,0,0.0,0.09455128,0,0.0,0.10453401,0,0.0
2026-04-23 10:00:00+00:00,0.0,0.06256988,0,0.0,0.0606606,0,0.0,0.09455128,0,0.0,0.07639231,0,0.0
2026-04-23 11:00:00+00:00,0.0,0.06488634,0,0.0,0.03974291,0,0.0,0.09455128,0,0.0,0.045861296,0,0.0
2026-04-23 12:00:00+00:00,0.0,0.057501186,0,0.0,0.030815354,0,0.0,0.09455128,0,0.0,0.041237112,0,0.0
2026-04-23 13:00:00+00:00,0.0,0.09573479,0,0.0,0.023546342,0,0.0,0.09455128,0,0.0,0.024216523,0,0.0
2026-04-23 14:00:00+00:00,0.0,0.12149765,0,0.0,0.031099526,0,0.0,0.09455128,0,0.0,0.02354788,0,0.0
2026-04-23 15:00:00+00:00,0.0,0.10261754,0,0.0,0.01658588,0,0.0,0.09455128,0,0.0,0.02347418,0,0.0
2026-04-23 16:00:00+00:00,0.0,0.061675716,0,0.0,0.012981893,0,0.0,0.09455128,0,0.0,0.012623985,0,0.0
2026-04-23 17:00:00+00:00,0.0,0.040730786,0,0.0,0.011930116,0,0.0,0.09455128,0,0.0,0.012623985,0,0.0
2026-04-23 18:00:00+00:00,0.0,0.039417885,0,0.0,0.013527815,0,0.0,0.09455128,0,0.0,0.009357455,0,0.0
2026-04-23 19:00:00+00:00,0.0,0.020560551,0,0.0,0.010205422,0,0.0,0.09455128,0,0.0,0.009357455,0,0.0
2026-04-23 20:00:00+00:00,0.0,0.01476059,0,0.0,0.007804516,0,0.0,0.09455128,0,0.0,0.0037021802,0,0.0
2026-04-23 21:00:00+00:00,0.0,0.011159715,0,0.0,0.006124624,0,0.0,0.09455128,0,0.0,0.0024982155,0,0.0
2026-04-23 22:00:00+00:00,0.0,0.008826147,0,0.0,0.006528694,0,0.0,0.09455128,0,0.0,0.0024982155,0,0.0
2026-04-23 23:00:00+00:00,0.0,0.0058669234,0,0.0,0.006542286,0,0.0,0.0,0,0.0,0.006430868,0,0.0
2026-04-24 00:00:00+00:00,0.0,0.018513558,0,0.0,0.067548536,0,0.0,0.0,0,0.0,0.10453401,0,0.0
2026-04-24 01:00:00+00:00,0.0,0.046015356,0,0.0,0.0548358,0,0.0,0.09455128,0,0.0,0.07639231,0,0.0
2026-04-24 02:00:00+00:00,0.0,0.05049343,0,0.0,0.046220988,0,0.0,0.09455128,0,0.0,0.045861296,0,0.0
2026-04-24 03:00:00+00:00,0.0,0.01673312,0,0.0,0.042559396,0,0.0,0.09455128,0,0.0,0.045861296,0,0.0
2026-04-24 04:00:00+00:00,0.0,0.0140636,0,0.0,0.047433812,0,0.0,0.09455128,0,0.0,0.07639231,0,0.0
2026-04-24 05:00:00+00:00,0.0,0.015156116,0,0.0,0.06343453,0,0.0,0.0,0,0.0,0.10453401,0,0.0
2026-04-24 06:00:00+00:00,0.0,0.041635614,0,0.0,0.12410107,0,0.0,0.09455128,0,0.0,0.1722973,0,0.0
2026-04-24 07:00:00+00:00,0.0,0.06525164,0,0.0,0.13215855,0,0.0,0.09455128,0,0.0,0.2580645,0,0.0
2026-04-24 08:00:00+00:00,0.0,0.091740705,0,0.0,0.13425699,0,0.0,0.09455128,0,0.0,0.1722973,0,0.0
2026-04-24 09:00:00+00:00,0.0,0.07549694,0,0.0,0.08847262,0,0.0,0.09455128,0,0.0,0.10453401,0,0.0
2026-04-24 10:00:00+00:00,0.0,0.09086154,0,0.0,0.06321879,0,0.0,0.09455128,0,0.0,0.07639231,0,0.0
2026-04-24 11:00:00+00:00,0.0,0.061775945,0,0.0,0.033352908,0,0.0,0.09455128,0,0.0,0.045861296,0,0.0
2026-04-24 12:00:00+00:00,0.0,0.03860273,0,0.0,0.029007183,0,0.0,0.09455128,0,0.0,0.041237112,0,0.0
2026-04-24 13:00:00+00:00,0.0,0.10296616,0,0.0,0.021778895,0,0.0,0.0,0,0.0,0.024216523,0,0.0
2026-04-24 14:00:00+00:00,0.0,0.06132125,0,0.0,0.024558058,0,0.0,0.0,0,0.0,0.02354788,0,0.0
2026-04-24 15:00:00+00:00,0.0,0.05103086,0,0.0,0.01858542,0,0.0,0.0,0,0.0,0.02354788,0,0.0
2026-04-24 16:00:00+00:00,0.0,0.035730578,0,0.0,0.015922567,0,0.0,0.0,0,0.0,0.02347418,0,0.0
2026-04-24 17:00:00+00:00,0.0,0.028426357,0,0.0,0.012261286,0,0.0,0.0,0,0.0,0.012623985,0,0.0
2026-04-24 18:00:00+00:00,0.0,0.021983473,0,0.0,0.01291271,0,0.0,0.0,0,0.0,0.012623985,0,0.0
2026-04-24 19:00:00+00:00,0.0,0.016763264,0,0.0,0.013786479,0,0.0,0.09455128,0,0.0,0.009357455,0,0.0
2026-04-24 20:00:00+00:00,0.0,0.012922692,0,0.0,0.013449902,0,0.0,0.09455128,0,0.0,0.006430868,0,0.0
2026-04-24 21:00:00+00:00,0.0,0.03077929,0,0.0,0.012009127,0,0.0,0.09455128,0,0.0,0.0037021802,0,0.0
2026-04-24 22:00:00+00:00,0.0,0.026810596,0,0.0,0.010814239,0,0.0,0.09455128,0,0.0,0.0024982155,0,0.0
2026-04-24 23:00:00+00:00,0.0,0.020319445,0,0.0,0.008164005,0,0.0,0.09455128,0,0.0,0.0037021802,0,0.0
2026-04-25 00:00:00+00:00,0.0,0.04421784,0,0.0,0.089843236,0,0.0,0.09455128,0,0.0,0.09417041,0,0.0
2026-04-25 01:00:00+00:00,0.0,0.028703908,0,0.0,0.066132404,0,0.0,0.0,0,0.0,0.07639231,0,0.0
2026-04-25 02:00:00+00:00,0.0,0.043158833,0,0.0,0.053125072,0,0.0,0.0,0,0.0,0.07639231,0,0.0
2026-04-25 03:00:00+00:00,0.0,0.013315992,0,0.0,0.040871624,0,0.0,0.0,0,0.0,0.07639231,0,0.0
2026-04-25 04:00:00+00:00,0.0,0.030595802,0,0.0,0.064852566,0,0.0,0.09455128,0,0.0,0.0625,0,0.0
2026-04-25 05:00:00+00:00,0.0,0.036189865,0,0.0,0.078817606,0,0.0,0.09455128,0,0.0,0.07639231,0,0.0
2026-04-25 06:00:00+00:00,0.0,0.025735436,0,0.0,0.104421996,0,0.0,0.09455128,0,0.0,0.14516129,0,0.0
2026-04-25 07:00:00+00:00,0.0,0.045893494,0,0.0,0.13700055,0,0.0,0.09455128,0,0.0,0.1722973,0,0.0
2026-04-25 08:00:00+00:00,0.0,0.12234785,0,0.0,0.16116218,0,0.0,0.09455128,0,0.0,0.1722973,0,0.0
2026-04-25 09:00:00+00:00,1.2,0.0858429,0,0.0,0.08616742,0,0.0,0.09455128,0,0.0,0.10453401,0,0.0
2026-04-25 10:00:00+00:00,0.3,0.777254,1,2.537769317626953,0.9969748,1,2.066570520401001,0.55714285,1,2.4977734088897705,1.0,1,2.3263051509857178
2026-04-25 11:00:00+00:00,0.0,0.03147573,0,0.0,0.048907727,0,0.0,0.40123457,1,1.2048742771148682,0.07639231,0,0.0
2026-04-25 12:00:00+00:00,0.0,0.05304641,0,0.0,0.032711834,0,0.0,0.09455128,0,0.0,0.006430868,0,0.0
2026-04-25 13:00:00+00:00,0.0,0.1336185,0,0.0,0.021315126,0,0.0,0.09455128,0,0.0,0.021951219,0,0.0
2026-04-25 14:00:00+00:00,0.0,0.093200244,0,0.0,0.031230463,0,0.0,0.09455128,0,0.0,0.02354788,0,0.0
2026-04-25 15:00:00+00:00,0.0,0.042155296,0,0.0,0.011857114,0,0.0,0.09455128,0,0.0,0.012623985,0,0.0
2026-04-25 16:00:00+00:00,0.0,0.018350843,0,0.0,0.011434314,0,0.0,0.0,0,0.0,0.009357455,0,0.0
2026-04-25 17:00:00+00:00,0.0,0.016875708,0,0.0,0.010437608,0,0.0,0.09455128,0,0.0,0.012623985,0,0.0
2026-04-25 18:00:00+00:00,0.0,0.01304171,0,0.0,0.011216968,0,0.0,0.09455128,0,0.0,0.0037021802,0,0.0
2026-04-25 19:00:00+00:00,0.0,0.019037008,0,0.0,0.012202648,0,0.0,0.09455128,0,0.0,0.012623985,0,0.0
2026-04-25 20:00:00+00:00,0.0,0.015027165,0,0.0,0.009206916,0,0.0,0.09455128,0,0.0,0.0037021802,0,0.0
2026-04-25 21:00:00+00:00,0.0,0.010332711,0,0.0,0.008054235,0,0.0,0.09455128,0,0.0,0.0037021802,0,0.0
2026-04-25 22:00:00+00:00,0.0,0.020729829,0,0.0,0.009298009,0,0.0,0.09455128,0,0.0,0.0024982155,0,0.0
2026-04-25 23:00:00+00:00,0.0,0.014238144,0,0.0,0.011244243,0,0.0,0.09455128,0,0.0,0.009357455,0,0.0
2026-04-26 00:00:00+00:00,0.0,0.044184912,0,0.0,0.124040924,0,0.0,0.0,0,0.0,0.09417041,0,0.0
2026-04-26 01:00:00+00:00,0.3,0.02990112,0,0.0,0.07309591,0,0.0,0.0,0,0.0,0.07639231,0,0.0
2026-04-26 02:00:00+00:00,0.0,0.38324264,0,0.0,0.98964745,1,0.44059714674949646,0.31460676,0,0.0,0.989899,1,0.36913466453552246
2026-04-26 03:00:00+00:00,0.0,0.045683622,0,0.0,0.062257048,0,0.0,0.09455128,0,0.0,0.07639231,0,0.0
2026-04-26 04:00:00+00:00,0.0,0.011413727,0,0.0,0.04211466,0,0.0,0.0,0,0.0,0.23076923,0,0.0
2026-04-26 05:00:00+00:00,0.0,0.021581968,0,0.0,0.08489647,0,0.0,0.0,0,0.0,0.10453401,0,0.0
2026-04-26 06:00:00+00:00,0.0,0.017471291,0,0.0,0.07221659,0,0.0,0.09455128,0,0.0,0.1722973,0,0.0
2026-04-26 07:00:00+00:00,0.0,0.021478187,0,0.0,0.08364285,0,0.0,0.09455128,0,0.0,0.10453401,0,0.0
2026-04-26 08:00:00+00:00,0.0,0.027443519,0,0.0,0.08831745,0,0.0,0.09455128,0,0.0,0.09417041,0,0.0
2026-04-26 09:00:00+00:00,0.0,0.0714439,0,0.0,0.082125425,0,0.0,0.09455128,0,0.0,0.10453401,0,0.0
2026-04-26 10:00:00+00:00,0.0,0.059428968,0,0.0,0.054082766,0,0.0,0.09455128,0,0.0,0.045861296,0,0.0
2026-04-26 11:00:00+00:00,0.3,0.03415694,0,0.0,0.031361207,0,0.0,0.09455128,0,0.0,0.024216523,0,0.0
2026-04-26 12:00:00+00:00,0.0,0.37033063,0,0.0,0.9119344,1,0.4558756351470947,0.31736526,0,0.0,0.9338843,1,0.49149972200393677
2026-04-26 13:00:00+00:00,0.0,0.03823813,0,0.0,0.0252261,0,0.0,0.09455128,0,0.0,0.041237112,0,0.0
2026-04-26 14:00:00+00:00,0.0,0.042142704,0,0.0,0.022840977,0,0.0,0.09455128,0,0.0,0.02347418,0,0.0
2026-04-26 15:00:00+00:00,0.0,0.10437199,0,0.0,0.035091244,0,0.0,0.0,0,0.0,0.012623985,0,0.0
2026-04-26 16:00:00+00:00,0.0,0.019031314,0,0.0,0.0108232815,0,0.0,0.0,0,0.0,0.012623985,0,0.0
2026-04-26 17:00:00+00:00,0.0,0.020524304,0,0.0,0.009415546,0,0.0,0.0,0,0.0,0.009357455,0,0.0
2026-04-26 18:00:00+00:00,0.0,0.021152621,0,0.0,0.011312543,0,0.0,0.0,0,0.0,0.009357455,0,0.0
2026-04-26 19:00:00+00:00,0.0,0.02365207,0,0.0,0.012359209,0,0.0,0.0,0,0.0,0.009357455,0,0.0
2026-04-26 20:00:00+00:00,0.0,0.029196154,0,0.0,0.011825021,0,0.0,0.09455128,0,0.0,0.0037021802,0,0.0
2026-04-26 21:00:00+00:00,0.0,0.022240115,0,0.0,0.008916502,0,0.0,0.0,0,0.0,0.0037021802,0,0.0
2026-04-26 22:00:00+00:00,0.0,0.010961448,0,0.0,0.009357344,0,0.0,0.0,0,0.0,0.0024982155,0,0.0
2026-04-26 23:00:00+00:00,0.0,0.019344734,0,0.0,0.009488936,0,0.0,0.0,0,0.0,0.0037021802,0,0.0
2026-04-27 00:00:00+00:00,0.0,0.053975567,0,0.0,0.10606575,0,0.0,0.0,0,0.0,0.10453401,0,0.0
2026-04-27 01:00:00+00:00,0.0,0.024603713,0,0.0,0.0643511,0,0.0,0.09455128,0,0.0,0.07639231,0,0.0
2026-04-27 02:00:00+00:00,0.0,0.032011904,0,0.0,0.05887026,0,0.0,0.09455128,0,0.0,0.045861296,0,0.0
2026-04-27 03:00:00+00:00,0.0,0.015121026,0,0.0,0.04456512,0,0.0,0.09455128,0,0.0,0.045861296,0,0.0
2026-04-27 04:00:00+00:00,0.0,0.011880346,0,0.0,0.04564032,0,0.0,0.0,0,0.0,0.07639231,0,0.0
2026-04-27 05:00:00+00:00,0.3,0.01481507,0,0.0,0.06548799,0,0.0,0.0,0,0.0,0.07639231,0,0.0
2026-04-27 06:00:00+00:00,0.0,0.46909535,0,0.0,0.9857217,1,0.560752809047699,0.31736526,0,0.0,0.989899,1,0.6015746593475342
2026-04-27 07:00:00+00:00,0.3,0.032838613,0,0.0,0.14042322,0,0.0,0.09455128,0,0.0,0.07639231,0,0.0
2026-04-27 08:00:00+00:00,0.0,0.28156257,0,0.0,0.93396145,1,0.5276123285293579,0.40123457,1,1.2880473136901855,0.989899,1,0.443176805973053
2026-04-27 09:00:00+00:00,0.0,0.043764107,0,0.0,0.08397561,0,0.0,0.09455128,0,0.0,0.1722973,0,0.0
2026-04-27 10:00:00+00:00,0.0,0.062263545,0,0.0,0.04591883,0,0.0,0.09455128,0,0.0,0.041237112,0,0.0
2026-04-27 11:00:00+00:00,0.0,0.04202919,0,0.0,0.03248528,0,0.0,0.09455128,0,0.0,0.041237112,0,0.0
2026-04-27 12:00:00+00:00,0.0,0.040368255,0,0.0,0.027853403,0,0.0,0.09455128,0,0.0,0.024216523,0,0.0
2026-04-27 13:00:00+00:00,0.0,0.11842676,0,0.0,0.022544721,0,0.0,0.09455128,0,0.0,0.02354788,0,0.0
2026-04-27 14:00:00+00:00,0.0,0.09533197,0,0.0,0.022348532,0,0.0,0.09455128,0,0.0,0.021951219,0,0.0
2026-04-27 15:00:00+00:00,0.0,0.057704244,0,0.0,0.013693966,0,0.0,0.09455128,0,0.0,0.02354788,0,0.0
2026-04-27 16:00:00+00:00,0.0,0.060207833,0,0.0,0.014125494,0,0.0,0.09455128,0,0.0,0.012623985,0,0.0
2026-04-27 17:00:00+00:00,0.0,0.03868286,0,0.0,0.01145596,0,0.0,0.09455128,0,0.0,0.012623985,0,0.0
2026-04-27 18:00:00+00:00,0.0,0.025320161,0,0.0,0.016288208,0,0.0,0.09455128,0,0.0,0.009357455,0,0.0
2026-04-27 19:00:00+00:00,0.0,0.017507752,0,0.0,0.011537385,0,0.0,0.09455128,0,0.0,0.009357455,0,0.0
2026-04-27 20:00:00+00:00,0.0,0.023705423,0,0.0,0.013805943,0,0.0,0.09455128,0,0.0,0.009357455,0,0.0
2026-04-27 21:00:00+00:00,0.0,0.01632499,0,0.0,0.0102882525,0,0.0,0.09455128,0,0.0,0.0037021802,0,0.0
2026-04-27 22:00:00+00:00,0.0,0.009626066,0,0.0,0.00888495,0,0.0,0.09455128,0,0.0,0.0037021802,0,0.0
2026-04-27 23:00:00+00:00,0.0,0.015428861,0,0.0,0.010667452,0,0.0,0.09455128,0,0.0,0.009357455,0,0.0
2026-04-28 00:00:00+00:00,7.8,0.043499887,0,0.0,0.09002873,0,0.0,0.09455128,0,0.0,0.10453401,0,0.0
2026-04-28 01:00:00+00:00,2.1,0.64827543,1,4.827690124511719,0.9929162,1,6.6648173332214355,0.62,1,2.2492411136627197,1.0,1,4.663626670837402
2026-04-28 02:00:00+00:00,0.0,0.73188496,1,0.991149365901947,0.9961546,1,1.2548214197158813,0.55714285,1,1.0877399444580078,0.9968553,1,2.128410577774048
2026-04-28 03:00:00+00:00,0.0,0.16170871,0,0.0,0.102685936,0,0.0,0.248,0,0.0,0.041237112,0,0.0
2026-04-28 04:00:00+00:00,0.0,0.06443383,0,0.0,0.06131352,0,0.0,0.248,0,0.0,0.041237112,0,0.0
2026-04-28 05:00:00+00:00,0.0,0.05959059,0,0.0,0.08960559,0,0.0,0.248,0,0.0,0.10453401,0,0.0
2026-04-28 06:00:00+00:00,0.0,0.057526,0,0.0,0.13457878,0,0.0,0.09455128,0,0.0,0.2580645,0,0.0
2026-04-28 07:00:00+00:00,0.0,0.09060076,0,0.0,0.17863634,0,0.0,0.09455128,0,0.0,0.14516129,0,0.0
2026-04-28 08:00:00+00:00,0.0,0.107919715,0,0.0,0.17717595,0,0.0,0.09455128,0,0.0,0.14516129,0,0.0
2026-04-28 09:00:00+00:00,0.0,0.107541315,0,0.0,0.1198987,0,0.0,0.09455128,0,0.0,0.07639231,0,0.0
2026-04-28 10:00:00+00:00,0.0,0.095835365,0,0.0,0.066758566,0,0.0,0.09455128,0,0.0,0.07639231,0,0.0
2026-04-28 11:00:00+00:00,0.0,0.08949643,0,0.0,0.055629347,0,0.0,0.09455128,0,0.0,0.07639231,0,0.0
2026-04-28 12:00:00+00:00,3.6,0.06932084,0,0.0,0.040855713,0,0.0,0.09455128,0,0.0,0.044198897,0,0.0
2026-04-28 13:00:00+00:00,6.3,0.8368222,1,5.012714862823486,0.99686015,1,4.768228530883789,0.62,1,2.9934537410736084,1.0,1,4.324795246124268
2026-04-28 14:00:00+00:00,15.0,0.95766467,1,5.830756187438965,0.99806994,1,6.769551753997803,0.64,1,1.8820593357086182,1.0,1,6.605001926422119
2026-04-28 15:00:00+00:00,6.0,0.8598528,1,5.470896244049072,0.99803454,1,7.848276615142822,0.7826087,1,4.912003040313721,1.0,1,15.810529708862305
2026-04-28 16:00:00+00:00,0.3,0.9415407,1,4.790241241455078,0.9974113,1,4.918328285217285,0.72727275,1,2.159499406814575,1.0,1,3.0832481384277344
2026-04-28 17:00:00+00:00,0.3,0.07478584,0,0.0,0.027930789,0,0.0,0.55714285,1,1.055140733718872,0.0014925373,0,0.0
2026-04-28 18:00:00+00:00,0.0,0.50919056,1,0.8100993633270264,0.81444114,1,0.3115599751472473,0.31736526,0,0.0,0.23076923,0,0.0
2026-04-28 19:00:00+00:00,0.0,0.037638858,0,0.0,0.005553953,0,0.0,0.31460676,0,0.0,0.012623985,0,0.0
2026-04-28 20:00:00+00:00,0.0,0.042938206,0,0.0,0.015453865,0,0.0,0.248,0,0.0,0.02347418,0,0.0
2026-04-28 21:00:00+00:00,0.0,0.051740803,0,0.0,0.015633116,0,0.0,0.09455128,0,0.0,0.009357455,0,0.0
2026-04-28 22:00:00+00:00,0.0,0.011813181,0,0.0,0.009174792,0,0.0,0.09455128,0,0.0,0.021951219,0,0.0
2026-04-28 23:00:00+00:00,0.0,0.018530015,0,0.0,0.010890908,0,0.0,0.09455128,0,0.0,0.024216523,0,0.0
2026-04-29 00:00:00+00:00,0.0,0.034467448,0,0.0,0.1081211,0,0.0,0.09455128,0,0.0,0.07639231,0,0.0
2026-04-29 01:00:00+00:00,0.0,0.045620695,0,0.0,0.10312591,0,0.0,0.09455128,0,0.0,0.07639231,0,0.0
2026-04-29 02:00:00+00:00,0.0,0.10064933,0,0.0,0.09837095,0,0.0,0.09455128,0,0.0,0.045861296,0,0.0
2026-04-29 03:00:00+00:00,0.0,0.06394498,0,0.0,0.06462855,0,0.0,0.09455128,0,0.0,0.07639231,0,0.0
2026-04-29 04:00:00+00:00,0.0,0.047769666,0,0.0,0.07478753,0,0.0,0.09455128,0,0.0,0.07639231,0,0.0
2026-04-29 05:00:00+00:00,0.0,0.05562946,0,0.0,0.11713058,0,0.0,0.09455128,0,0.0,0.10453401,0,0.0
2026-04-29 06:00:00+00:00,0.0,0.08914441,0,0.0,0.15657747,0,0.0,0.09455128,0,0.0,0.14516129,0,0.0
2026-04-29 07:00:00+00:00,0.0,0.07119902,0,0.0,0.18790734,0,0.0,0.09455128,0,0.0,0.23076923,0,0.0
2026-04-29 08:00:00+00:00,0.0,0.12152652,0,0.0,0.1666877,0,0.0,0.09455128,0,0.0,0.2580645,0,0.0
2026-04-29 09:00:00+00:00,0.0,0.14154908,0,0.0,0.12334932,0,0.0,0.09455128,0,0.0,0.1722973,0,0.0
2026-04-29 10:00:00+00:00,0.6,0.115052976,0,0.0,0.073241785,0,0.0,0.09455128,0,0.0,0.10453401,0,0.0
2026-04-29 11:00:00+00:00,16.8,0.7147056,1,2.406432628631592,0.9926965,1,1.276114821434021,0.40123457,1,2.112380266189575,1.0,1,1.3623487949371338
2026-04-29 12:00:00+00:00,6.0,0.9596669,1,5.389293193817139,0.9982256,1,7.509767532348633,0.62,1,5.259150981903076,1.0,1,12.140421867370605
2026-04-29 13:00:00+00:00,3.0,0.93773514,1,5.183873176574707,0.9984206,1,5.753844261169434,0.64,1,1.9729139804840088,1.0,1,4.35029411315918
2026-04-29 14:00:00+00:00,2.1,0.95928097,1,1.9316785335540771,0.99794835,1,2.467327833175659,0.62,1,1.0870106220245361,1.0,1,0.9027231931686401
2026-04-29 15:00:00+00:00,0.6,0.89393127,1,1.2613868713378906,0.99679476,1,1.1527369022369385,0.72727275,1,1.0370230674743652,1.0,1,2.238450050354004
2026-04-29 16:00:00+00:00,0.0,0.009488877,0,0.0,0.16193677,0,0.0,0.5582822,1,0.7932913303375244,0.012623985,0,0.0
2026-04-29 17:00:00+00:00,0.0,0.07380936,0,0.0,0.005180482,0,0.0,0.31736526,0,0.0,0.0014925373,0,0.0
2026-04-29 18:00:00+00:00,0.0,0.04863056,0,0.0,0.0053988006,0,0.0,0.248,0,0.0,0.0024982155,0,0.0
2026-04-29 19:00:00+00:00,0.0,0.02805723,0,0.0,0.0048579616,0,0.0,0.09455128,0,0.0,0.006430868,0,0.0
2026-04-29 20:00:00+00:00,0.0,0.018711127,0,0.0,0.010101357,0,0.0,0.09455128,0,0.0,0.0024982155,0,0.0
2026-04-29 21:00:00+00:00,0.0,0.024217073,0,0.0,0.008135264,0,0.0,0.09455128,0,0.0,0.0037021802,0,0.0
2026-04-29 22:00:00+00:00,0.0,0.025881486,0,0.0,0.010792048,0,0.0,0.09455128,0,0.0,0.0037021802,0,0.0
2026-04-29 23:00:00+00:00,0.8999999999999999,0.038133483,0,0.0,0.012415287,0,0.0,0.09455128,0,0.0,0.02354788,0,0.0
2026-04-30 00:00:00+00:00,0.0,0.0025277848,0,0.0,0.1947438,0,0.0,0.40123457,1,1.0419609546661377,0.8703704,1,1.4223048686981201
2026-04-30 01:00:00+00:00,0.0,0.065784834,0,0.0,0.098496035,0,0.0,0.31460676,0,0.0,0.041237112,0,0.0
2026-04-30 02:00:00+00:00,0.0,0.07363944,0,0.0,0.08301998,0,0.0,0.09455128,0,0.0,0.1722973,0,0.0
2026-04-30 03:00:00+00:00,0.0,0.08852782,0,0.0,0.07830271,0,0.0,0.09455128,0,0.0,0.07639231,0,0.0
2026-04-30 04:00:00+00:00,0.0,0.050048586,0,0.0,0.06610487,0,0.0,0.09455128,0,0.0,0.14516129,0,0.0
2026-04-30 05:00:00+00:00,0.0,0.07749059,0,0.0,0.13093174,0,0.0,0.09455128,0,0.0,0.1722973,0,0.0
2026-04-30 06:00:00+00:00,0.3,0.11248172,0,0.0,0.22375941,0,0.0,0.09455128,0,0.0,0.10453401,0,0.0
2026-04-30 07:00:00+00:00,0.0,0.5634964,1,1.4556008577346802,0.9869767,1,0.593273937702179,0.35135135,1,1.2446062564849854,0.989899,1,0.634611964225769
2026-04-30 08:00:00+00:00,0.0,0.18708959,0,0.0,0.23948966,0,0.0,0.09455128,0,0.0,0.07639231,0,0.0
2026-04-30 09:00:00+00:00,0.0,0.16805564,0,0.0,0.15255857,0,0.0,0.09455128,0,0.0,0.10453401,0,0.0
2026-04-30 10:00:00+00:00,0.0,0.11803548,0,0.0,0.07141092,0,0.0,0.09455128,0,0.0,0.09417041,0,0.0
2026-04-30 11:00:00+00:00,0.0,0.17176944,0,0.0,0.047814388,0,0.0,0.09455128,0,0.0,0.07639231,0,0.0
2026-04-30 12:00:00+00:00,1.5,0.08746113,0,0.0,0.05023697,0,0.0,0.09455128,0,0.0,0.045861296,0,0.0
2026-04-30 13:00:00+00:00,0.3,0.83664614,1,3.16147780418396,0.9968555,1,2.7212934494018555,0.5582822,1,2.155704975128174,1.0,1,2.848282814025879
2026-04-30 14:00:00+00:00,0.0,0.051769853,0,0.0,0.040369693,0,0.0,0.35135135,1,1.1855599880218506,0.07639231,0,0.0
2026-04-30 15:00:00+00:00,0.0,0.14039913,0,0.0,0.027054226,0,0.0,0.248,0,0.0,0.0024982155,0,0.0
2026-04-30 16:00:00+00:00,0.0,0.1297317,0,0.0,0.012339981,0,0.0,0.09455128,0,0.0,0.012623985,0,0.0
2026-04-30 17:00:00+00:00,0.0,0.123629384,0,0.0,0.028260728,0,0.0,0.09455128,0,0.0,0.021951219,0,0.0
2026-04-30 18:00:00+00:00,0.0,0.0543962,0,0.0,0.02048778,0,0.0,0.09455128,0,0.0,0.012623985,0,0.0
2026-04-30 19:00:00+00:00,0.0,0.036727883,0,0.0,0.017500093,0,0.0,0.09455128,0,0.0,0.009357455,0,0.0
2026-04-30 20:00:00+00:00,0.0,0.036603164,0,0.0,0.0151295485,0,0.0,0.09455128,0,0.0,0.012623985,0,0.0
2026-04-30 21:00:00+00:00,0.0,0.03326631,0,0.0,0.011811111,0,0.0,0.09455128,0,0.0,0.0037021802,0,0.0
2026-04-30 22:00:00+00:00,0.0,0.046075728,0,0.0,0.012380211,0,0.0,0.09455128,0,0.0,0.009357455,0,0.0
2026-04-30 23:00:00+00:00,2.7,0.04195136,0,0.0,0.012106885,0,0.0,0.09455128,0,0.0,0.009357455,0,0.0
2026-05-01 00:00:00+00:00,0.3,0.031018473,0,0.0,0.6943058,1,2.7510480880737305,0.62,1,1.7501628398895264,0.9837587,1,2.9374279975891113
2026-05-01 01:00:00+00:00,0.0,0.8164904,1,1.1030776500701904,0.9516896,1,0.5966474413871765,0.35135135,1,0.9242568016052246,0.2580645,0,0.0
2026-05-01 02:00:00+00:00,0.8999999999999999,0.067729145,0,0.0,0.09710307,0,0.0,0.248,0,0.0,0.07639231,0,0.0
2026-05-01 03:00:00+00:00,0.8999999999999999,0.6513429,1,1.6452324390411377,0.9933955,1,1.522728443145752,0.55714285,1,0.8086948394775391,1.0,1,1.4817581176757812
2026-05-01 04:00:00+00:00,0.0,0.64573115,1,1.1550768613815308,0.9982545,1,0.9114311933517456,0.62,1,0.7066941261291504,1.0,1,1.1509950160980225
2026-05-01 05:00:00+00:00,0.0,0.15505145,0,0.0,0.08474907,0,0.0,0.31736526,0,0.0,0.0037021802,0,0.0
2026-05-01 06:00:00+00:00,0.0,0.030554883,0,0.0,0.07263981,0,0.0,0.248,0,0.0,0.02354788,0,0.0
2026-05-01 07:00:00+00:00,0.0,0.018369062,0,0.0,0.052608836,0,0.0,0.09455128,0,0.0,0.07639231,0,0.0
2026-05-01 08:00:00+00:00,0.0,0.017696492,0,0.0,0.057456546,0,0.0,0.09455128,0,0.0,0.02354788,0,0.0
2026-05-01 09:00:00+00:00,0.0,0.028221374,0,0.0,0.05463398,0,0.0,0.0,0,0.0,0.02354788,0,0.0
2026-05-01 10:00:00+00:00,0.0,0.040048257,0,0.0,0.047968,0,0.0,0.09455128,0,0.0,0.024216523,0,0.0
2026-05-01 11:00:00+00:00,4.8,0.055247005,0,0.0,0.041040078,0,0.0,0.09455128,0,0.0,0.02354788,0,0.0
2026-05-01 12:00:00+00:00,0.8999999999999999,0.8409814,1,6.081606864929199,0.9970312,1,5.919373989105225,0.62,1,3.0130653381347656,1.0,1,4.233184814453125
2026-05-01 13:00:00+00:00,1.2,0.75076365,1,1.7608095407485962,0.99753857,1,0.7612637877464294,0.40123457,1,1.2014353275299072,0.989899,1,1.663027286529541
2026-05-01 14:00:00+00:00,0.8999999999999999,0.6406811,1,2.393575429916382,0.9980171,1,1.2013665437698364,0.55714285,1,1.0370454788208008,1.0,1,0.36946022510528564
2026-05-01 15:00:00+00:00,15.6,0.4801013,0,0.0,0.98317045,1,0.7594094276428223,0.62,1,1.054762601852417,1.0,1,0.8167879581451416
2026-05-01 16:00:00+00:00,2.4,0.8007532,1,5.903209686279297,0.9982356,1,7.528631687164307,0.7826087,1,3.25492525100708,1.0,1,8.53549861907959
2026-05-01 17:00:00+00:00,0.3,0.7247528,1,1.5318433046340942,0.99808,1,1.446232795715332,0.5582822,1,1.3293681144714355,1.0,1,2.6120285987854004
2026-05-01 18:00:00+00:00,0.0,0.18034291,0,0.0,0.21418434,0,0.0,0.31736526,0,0.0,0.0024982155,0,0.0
2026-05-01 19:00:00+00:00,0.0,0.066787906,0,0.0,0.0107440585,0,0.0,0.248,0,0.0,0.0014925373,0,0.0
2026-05-01 20:00:00+00:00,0.0,0.03842733,0,0.0,0.010222526,0,0.0,0.248,0,0.0,0.009357455,0,0.0
2026-05-01 21:00:00+00:00,0.0,0.05720605,0,0.0,0.01928172,0,0.0,0.09455128,0,0.0,0.0037021802,0,0.0
2026-05-01 22:00:00+00:00,0.0,0.03646438,0,0.0,0.01250463,0,0.0,0.09455128,0,0.0,0.0024982155,0,0.0
2026-05-01 23:00:00+00:00,0.0,0.022246428,0,0.0,0.012491329,0,0.0,0.09455128,0,0.0,0.02354788,0,0.0
2026-05-02 00:00:00+00:00,0.0,0.103414565,0,0.0,0.2468587,0,0.0,0.09455128,0,0.0,0.125,0,0.0
2026-05-02 01:00:00+00:00,0.0,0.041999962,0,0.0,0.0927262,0,0.0,0.0,0,0.0,0.07639231,0,0.0
2026-05-02 02:00:00+00:00,0.0,0.068233885,0,0.0,0.06767906,0,0.0,0.0,0,0.0,0.045861296,0,0.0
2026-05-02 03:00:00+00:00,0.0,0.038102992,0,0.0,0.054425143,0,0.0,0.0,0,0.0,0.045861296,0,0.0
2026-05-02 04:00:00+00:00,0.0,0.017510714,0,0.0,0.055986136,0,0.0,0.0,0,0.0,0.045861296,0,0.0
2026-05-02 05:00:00+00:00,0.0,0.017967017,0,0.0,0.0621395,0,0.0,0.0,0,0.0,0.07639231,0,0.0
2026-05-02 06:00:00+00:00,0.0,0.019685075,0,0.0,0.082877606,0,0.0,0.0,0,0.0,0.10453401,0,0.0
2026-05-02 07:00:00+00:00,0.0,0.021875465,0,0.0,0.09143313,0,0.0,0.0,0,0.0,0.23076923,0,0.0
2026-05-02 08:00:00+00:00,0.0,0.027275743,0,0.0,0.10657589,0,0.0,0.09455128,0,0.0,0.10453401,0,0.0
2026-05-02 09:00:00+00:00,0.0,0.04075163,0,0.0,0.08999731,0,0.0,0.09455128,0,0.0,0.10453401,0,0.0
2026-05-02 10:00:00+00:00,0.0,0.036697555,0,0.0,0.04696778,0,0.0,0.09455128,0,0.0,0.07639231,0,0.0
2026-05-02 11:00:00+00:00,0.0,0.039635282,0,0.0,0.030612934,0,0.0,0.0,0,0.0,0.045861296,0,0.0
2026-05-02 12:00:00+00:00,0.0,0.030732214,0,0.0,0.028421901,0,0.0,0.09455128,0,0.0,0.041237112,0,0.0
2026-05-02 13:00:00+00:00,0.0,0.075960554,0,0.0,0.020979803,0,0.0,0.09455128,0,0.0,0.024216523,0,0.0
2026-05-02 14:00:00+00:00,0.6,0.08063387,0,0.0,0.023880746,0,0.0,0.09455128,0,0.0,0.02354788,0,0.0
2026-05-02 15:00:00+00:00,0.0,0.3717646,0,0.0,0.98828006,1,1.154092788696289,0.35135135,1,1.3252296447753906,0.9948454,1,1.256751298904419
2026-05-02 16:00:00+00:00,0.0,0.12064758,0,0.0,0.03670982,0,0.0,0.09455128,0,0.0,0.024216523,0,0.0
2026-05-02 17:00:00+00:00,0.0,0.0502565,0,0.0,0.013222336,0,0.0,0.09455128,0,0.0,0.009357455,0,0.0
2026-05-02 18:00:00+00:00,0.0,0.070438065,0,0.0,0.011555409,0,0.0,0.09455128,0,0.0,0.009357455,0,0.0
2026-05-02 19:00:00+00:00,0.0,0.02652289,0,0.0,0.011569584,0,0.0,0.09455128,0,0.0,0.009357455,0,0.0
2026-05-02 20:00:00+00:00,0.0,0.011430105,0,0.0,0.0112190675,0,0.0,0.0,0,0.0,0.0037021802,0,0.0
2026-05-02 21:00:00+00:00,0.0,0.0070443433,0,0.0,0.0064803255,0,0.0,0.0,0,0.0,0.0037021802,0,0.0
2026-05-02 22:00:00+00:00,0.0,0.008356746,0,0.0,0.007671677,0,0.0,0.09455128,0,0.0,0.006430868,0,0.0
2026-05-02 23:00:00+00:00,0.0,0.009827772,0,0.0,0.009182156,0,0.0,0.0,0,0.0,0.012623985,0,0.0
2026-05-03 00:00:00+00:00,0.0,0.023089178,0,0.0,0.08881812,0,0.0,0.0,0,0.0,0.14516129,0,0.0
2026-05-03 01:00:00+00:00,0.0,0.02725159,0,0.0,0.05960926,0,0.0,0.0,0,0.0,0.045861296,0,0.0
2026-05-03 02:00:00+00:00,0.0,0.02082124,0,0.0,0.042411923,0,0.0,0.0,0,0.0,0.07639231,0,0.0
2026-05-03 03:00:00+00:00,0.0,0.01170931,0,0.0,0.035835948,0,0.0,0.0,0,0.0,0.045861296,0,0.0
2026-05-03 04:00:00+00:00,0.0,0.00956335,0,0.0,0.041828945,0,0.0,0.0,0,0.0,0.045861296,0,0.0
2026-05-03 05:00:00+00:00,0.0,0.020490607,0,0.0,0.0691939,0,0.0,0.0,0,0.0,0.07639231,0,0.0
2026-05-03 06:00:00+00:00,0.0,0.02678748,0,0.0,0.09265356,0,0.0,0.0,0,0.0,0.14516129,0,0.0
2026-05-03 07:00:00+00:00,0.0,0.033184435,0,0.0,0.12296309,0,0.0,0.09455128,0,0.0,0.1722973,0,0.0
2026-05-03 08:00:00+00:00,0.0,0.053487904,0,0.0,0.15243585,0,0.0,0.09455128,0,0.0,0.14516129,0,0.0
2026-05-03 09:00:00+00:00,0.0,0.028356992,0,0.0,0.07278931,0,0.0,0.09455128,0,0.0,0.09417041,0,0.0
2026-05-03 10:00:00+00:00,0.0,0.031966764,0,0.0,0.04297801,0,0.0,0.09455128,0,0.0,0.07639231,0,0.0
2026-05-03 11:00:00+00:00,0.0,0.052266225,0,0.0,0.030424697,0,0.0,0.09455128,0,0.0,0.044198897,0,0.0
2026-05-03 12:00:00+00:00,0.0,0.055948988,0,0.0,0.032465152,0,0.0,0.09455128,0,0.0,0.034285713,0,0.0
2026-05-03 13:00:00+00:00,0.0,0.17840664,0,0.0,0.0251038,0,0.0,0.09455128,0,0.0,0.024216523,0,0.0
2026-05-03 14:00:00+00:00,0.0,0.16840264,0,0.0,0.027586518,0,0.0,0.09455128,0,0.0,0.02354788,0,0.0
2026-05-03 15:00:00+00:00,0.0,0.13066714,0,0.0,0.018294252,0,0.0,0.09455128,0,0.0,0.021951219,0,0.0
2026-05-03 16:00:00+00:00,0.0,0.09331262,0,0.0,0.015965099,0,0.0,0.09455128,0,0.0,0.012623985,0,0.0
2026-05-03 17:00:00+00:00,0.0,0.10635165,0,0.0,0.022727838,0,0.0,0.09455128,0,0.0,0.012623985,0,0.0
2026-05-03 18:00:00+00:00,0.0,0.046000786,0,0.0,0.012553257,0,0.0,0.058975097,0,0.0,0.009357455,0,0.0
2026-05-03 19:00:00+00:00,0.0,0.023552319,0,0.0,0.00958424,0,0.0,0.0,0,0.0,0.009357455,0,0.0
2026-05-03 20:00:00+00:00,0.0,0.0268177,0,0.0,0.009956648,0,0.0,0.09455128,0,0.0,0.0037021802,0,0.0
2026-05-03 21:00:00+00:00,0.0,0.025294742,0,0.0,0.0105932895,0,0.0,0.07057861,0,0.0,0.0037021802,0,0.0
2026-05-03 22:00:00+00:00,0.0,0.028499408,0,0.0,0.007918638,0,0.0,0.09455128,0,0.0,0.0024982155,0,0.0
2026-05-03 23:00:00+00:00,0.0,0.038821787,0,0.0,0.008581967,0,0.0,0.09455128,0,0.0,0.006430868,0,0.0
2026-05-04 00:00:00+00:00,0.0,0.042840414,0,0.0,0.102980554,0,0.0,0.09455128,0,0.0,0.09417041,0,0.0
2026-05-04 01:00:00+00:00,0.0,0.03483846,0,0.0,0.0627118,0,0.0,0.09455128,0,0.0,0.07639231,0,0.0
2026-05-04 02:00:00+00:00,0.0,0.036604702,0,0.0,0.05579936,0,0.0,0.09455128,0,0.0,0.045861296,0,0.0
2026-05-04 03:00:00+00:00,0.0,0.029332547,0,0.0,0.05370818,0,0.0,0.09455128,0,0.0,0.07639231,0,0.0
2026-05-04 04:00:00+00:00,0.3,0.04304449,0,0.0,0.07191346,0,0.0,0.09455128,0,0.0,0.07639231,0,0.0
2026-05-04 05:00:00+00:00,0.0,0.36236095,0,0.0,0.98621285,1,0.5604499578475952,0.31736526,0,0.0,0.9948454,1,0.5949376821517944
2026-05-04 06:00:00+00:00,0.0,0.0707804,0,0.0,0.2173761,0,0.0,0.09455128,0,0.0,0.10453401,0,0.0
2026-05-04 07:00:00+00:00,0.0,0.047679894,0,0.0,0.17377685,0,0.0,0.09455128,0,0.0,0.09417041,0,0.0
2026-05-04 08:00:00+00:00,0.0,0.069470756,0,0.0,0.17960338,0,0.0,0.09455128,0,0.0,0.10453401,0,0.0
2026-05-04 09:00:00+00:00,0.0,0.12209827,0,0.0,0.10529111,0,0.0,0.09455128,0,0.0,0.09417041,0,0.0
2026-05-04 10:00:00+00:00,0.0,0.086619094,0,0.0,0.05499099,0,0.0,0.09455128,0,0.0,0.07639231,0,0.0
2026-05-04 11:00:00+00:00,0.0,0.10391408,0,0.0,0.050230045,0,0.0,0.09455128,0,0.0,0.045861296,0,0.0
2026-05-04 12:00:00+00:00,0.0,0.098773435,0,0.0,0.051001795,0,0.0,0.09455128,0,0.0,0.045861296,0,0.0
2026-05-04 13:00:00+00:00,0.0,0.14116709,0,0.0,0.030582445,0,0.0,0.09455128,0,0.0,0.024216523,0,0.0
2026-05-04 14:00:00+00:00,0.0,0.10556345,0,0.0,0.030567082,0,0.0,0.09455128,0,0.0,0.02354788,0,0.0
2026-05-04 15:00:00+00:00,0.0,0.04007218,0,0.0,0.013204473,0,0.0,0.09455128,0,0.0,0.021951219,0,0.0
2026-05-04 16:00:00+00:00,0.0,0.019283634,0,0.0,0.012202665,0,0.0,0.09455128,0,0.0,0.012623985,0,0.0
2026-05-04 17:00:00+00:00,0.0,0.022879278,0,0.0,0.016741917,0,0.0,0.09455128,0,0.0,0.012623985,0,0.0
2026-05-04 18:00:00+00:00,0.0,0.020487688,0,0.0,0.011143809,0,0.0,0.01171978,0,0.0,0.009357455,0,0.0
2026-05-04 19:00:00+00:00,0.0,0.022424301,0,0.0,0.010750142,0,0.0,0.09455128,0,0.0,0.009357455,0,0.0
2026-05-04 20:00:00+00:00,0.0,0.011370592,0,0.0,0.0074136592,0,0.0,0.09455128,0,0.0,0.006430868,0,0.0
2026-05-04 21:00:00+00:00,0.0,0.0084874015,0,0.0,0.0056158598,0,0.0,0.09455128,0,0.0,0.0037021802,0,0.0
2026-05-04 22:00:00+00:00,0.0,0.006807841,0,0.0,0.0059651756,0,0.0,0.09455128,0,0.0,0.0024982155,0,0.0
2026-05-04 23:00:00+00:00,0.0,0.013776343,0,0.0,0.006767074,0,0.0,0.09455128,0,0.0,0.0037021802,0,0.0
2026-05-05 00:00:00+00:00,0.0,0.03947244,0,0.0,0.12498984,0,0.0,0.09455128,0,0.0,0.10453401,0,0.0
2026-05-05 01:00:00+00:00,0.0,0.03647341,0,0.0,0.062130608,0,0.0,0.0,0,0.0,0.07639231,0,0.0
2026-05-05 02:00:00+00:00,0.0,0.036157347,0,0.0,0.05970841,0,0.0,0.0,0,0.0,0.045861296,0,0.0
2026-05-05 03:00:00+00:00,0.0,0.031776514,0,0.0,0.052273005,0,0.0,0.0,0,0.0,0.045861296,0,0.0
2026-05-05 04:00:00+00:00,0.0,0.018050201,0,0.0,0.0556526,0,0.0,0.09455128,0,0.0,0.07639231,0,0.0
2026-05-05 05:00:00+00:00,0.0,0.026820855,0,0.0,0.11422393,0,0.0,0.09455128,0,0.0,0.09417041,0,0.0
2026-05-05 06:00:00+00:00,0.0,0.03014463,0,0.0,0.13474157,0,0.0,0.09455128,0,0.0,0.14516129,0,0.0
2026-05-05 07:00:00+00:00,0.0,0.035708003,0,0.0,0.12593935,0,0.0,0.09455128,0,0.0,0.1722973,0,0.0
2026-05-05 08:00:00+00:00,0.0,0.03350027,0,0.0,0.14162497,0,0.0,0.09455128,0,0.0,0.14516129,0,0.0
2026-05-05 09:00:00+00:00,0.0,0.021666836,0,0.0,0.08520263,0,0.0,0.09455128,0,0.0,0.09417041,0,0.0
2026-05-05 10:00:00+00:00,0.0,0.0370426,0,0.0,0.051068928,0,0.0,0.09455128,0,0.0,0.07639231,0,0.0
2026-05-05 11:00:00+00:00,0.0,0.0389267,0,0.0,0.03636647,0,0.0,0.09455128,0,0.0,0.041237112,0,0.0
2026-05-05 12:00:00+00:00,0.0,0.034720957,0,0.0,0.033391993,0,0.0,0.08365573,0,0.0,0.024216523,0,0.0
2026-05-05 13:00:00+00:00,0.0,0.04672605,0,0.0,0.020365437,0,0.0,0.0,0,0.0,0.02354788,0,0.0
2026-05-05 14:00:00+00:00,0.0,0.053371087,0,0.0,0.02345168,0,0.0,0.0,0,0.0,0.021951219,0,0.0
2026-05-05 15:00:00+00:00,0.0,0.029810367,0,0.0,0.011190276,0,0.0,0.0,0,0.0,0.012623985,0,0.0
2026-05-05 16:00:00+00:00,0.0,0.023060946,0,0.0,0.01013485,0,0.0,0.0,0,0.0,0.009357455,0,0.0
2026-05-05 17:00:00+00:00,0.0,0.017563624,0,0.0,0.009065715,0,0.0,0.0,0,0.0,0.009357455,0,0.0
2026-05-05 18:00:00+00:00,0.0,0.014765778,0,0.0,0.008378061,0,0.0,0.0,0,0.0,0.0037021802,0,0.0
2026-05-05 19:00:00+00:00,0.0,0.010137113,0,0.0,0.00991293,0,0.0,0.0,0,0.0,0.0037021802,0,0.0
2026-05-05 20:00:00+00:00,0.0,0.01703757,0,0.0,0.01008502,0,0.0,0.0,0,0.0,0.0037021802,0,0.0
2026-05-05 21:00:00+00:00,0.0,0.016147561,0,0.0,0.009043463,0,0.0,0.0,0,0.0,0.0024982155,0,0.0
2026-05-05 22:00:00+00:00,0.0,0.010738941,0,0.0,0.010004957,0,0.0,0.0,0,0.0,0.0024982155,0,0.0
2026-05-05 23:00:00+00:00,0.0,0.021964837,0,0.0,0.019927917,0,0.0,0.0,0,0.0,0.0024982155,0,0.0
2026-05-06 00:00:00+00:00,0.0,0.026396595,0,0.0,0.09416074,0,0.0,0.0,0,0.0,0.09417041,0,0.0
2026-05-06 01:00:00+00:00,0.0,0.034943305,0,0.0,0.06242805,0,0.0,0.0,0,0.0,0.045861296,0,0.0
2026-05-06 02:00:00+00:00,0.0,0.030916864,0,0.0,0.040091127,0,0.0,0.0,0,0.0,0.041237112,0,0.0
2026-05-06 03:00:00+00:00,0.0,0.02189266,0,0.0,0.036175072,0,0.0,0.0,0,0.0,0.024216523,0,0.0
2026-05-06 04:00:00+00:00,0.0,0.008525878,0,0.0,0.031409096,0,0.0,0.0,0,0.0,0.024216523,0,0.0
2026-05-06 05:00:00+00:00,0.0,0.002759686,0,0.0,0.013758396,0,0.0,0.0,0,0.0,0.024216523,0,0.0
2026-05-06 06:00:00+00:00,0.0,0.0029594416,0,0.0,0.014391836,0,0.0,0.0,0,0.0,0.041237112,0,0.0
2026-05-06 07:00:00+00:00,0.0,0.0035294606,0,0.0,0.016078837,0,0.0,0.0,0,0.0,0.041237112,0,0.0
2026-05-06 08:00:00+00:00,0.0,0.003811116,0,0.0,0.015240133,0,0.0,0.0,0,0.0,0.041237112,0,0.0
2026-05-06 09:00:00+00:00,0.0,0.008493014,0,0.0,0.011299809,0,0.0,0.0,0,0.0,0.024216523,0,0.0
2026-05-06 10:00:00+00:00,0.0,0.023111356,0,0.0,0.019534048,0,0.0,0.0,0,0.0,0.02354788,0,0.0
2026-05-06 11:00:00+00:00,0.0,0.020703085,0,0.0,0.015162446,0,0.0,0.0,0,0.0,0.02347418,0,0.0
2026-05-06 12:00:00+00:00,0.0,0.01716834,0,0.0,0.013957121,0,0.0,0.0,0,0.0,0.021951219,0,0.0
2026-05-06 13:00:00+00:00,0.0,0.05219492,0,0.0,0.014812279,0,0.0,0.0,0,0.0,0.012623985,0,0.0
2026-05-06 14:00:00+00:00,0.0,0.03495235,0,0.0,0.014780381,0,0.0,0.0,0,0.0,0.009357455,0,0.0
2026-05-06 15:00:00+00:00,0.0,0.023528052,0,0.0,0.009646873,0,0.0,0.0,0,0.0,0.009357455,0,0.0
2026-05-06 16:00:00+00:00,0.0,0.018389408,0,0.0,0.00879307,0,0.0,0.0,0,0.0,0.006430868,0,0.0
2026-05-06 17:00:00+00:00,0.0,0.012545517,0,0.0,0.007887871,0,0.0,0.0,0,0.0,0.0037021802,0,0.0
2026-05-06 18:00:00+00:00,0.0,0.009726514,0,0.0,0.008874714,0,0.0,0.0,0,0.0,0.0037021802,0,0.0
2026-05-06 19:00:00+00:00,0.0,0.011332176,0,0.0,0.010729341,0,0.0,0.0,0,0.0,0.0037021802,0,0.0
2026-05-06 20:00:00+00:00,0.0,0.011750391,0,0.0,0.008985191,0,0.0,0.0,0,0.0,0.0037021802,0,0.0
2026-05-06 21:00:00+00:00,0.0,0.014691343,0,0.0,0.009945946,0,0.0,0.0,0,0.0,0.0024982155,0,0.0
2026-05-06 22:00:00+00:00,0.0,0.014032533,0,0.0,0.0076072337,0,0.0,0.0,0,0.0,0.0024982155,0,0.0
2026-05-06 23:00:00+00:00,0.0,0.0050688665,0,0.0,0.006849575,0,0.0,0.0,0,0.0,0.0024982155,0,0.0
2026-05-07 00:00:00+00:00,0.0,0.029785754,0,0.0,0.1083853,0,0.0,0.0,0,0.0,0.07639231,0,0.0
2026-05-07 01:00:00+00:00,0.0,0.02309426,0,0.0,0.06819038,0,0.0,0.0,0,0.0,0.07639231,0,0.0
2026-05-07 02:00:00+00:00,0.0,0.035164602,0,0.0,0.036064047,0,0.0,0.0,0,0.0,0.045861296,0,0.0
2026-05-07 03:00:00+00:00,0.0,0.008412978,0,0.0,0.023871513,0,0.0,0.0,0,0.0,0.024216523,0,0.0
2026-05-07 04:00:00+00:00,0.0,0.007462197,0,0.0,0.027023163,0,0.0,0.0,0,0.0,0.024216523,0,0.0
2026-05-07 05:00:00+00:00,0.0,0.01300636,0,0.0,0.04510025,0,0.0,0.0,0,0.0,0.041237112,0,0.0
2026-05-07 06:00:00+00:00,0.0,0.007799086,0,0.0,0.03566215,0,0.0,0.0,0,0.0,0.07639231,0,0.0
2026-05-07 07:00:00+00:00,0.0,0.0072056595,0,0.0,0.03476807,0,0.0,0.0,0,0.0,0.07639231,0,0.0
2026-05-07 08:00:00+00:00,0.0,0.00869379,0,0.0,0.03874543,0,0.0,0.0,0,0.0,0.07639231,0,0.0
2026-05-07 09:00:00+00:00,0.0,0.0074649528,0,0.0,0.029938713,0,0.0,0.0,0,0.0,0.044198897,0,0.0
2026-05-07 10:00:00+00:00,0.0,0.016657516,0,0.0,0.028699156,0,0.0,0.0,0,0.0,0.02354788,0,0.0
2026-05-07 11:00:00+00:00,0.0,0.023624446,0,0.0,0.021733902,0,0.0,0.0,0,0.0,0.012623985,0,0.0
2026-05-07 12:00:00+00:00,0.0,0.011708703,0,0.0,0.013165146,0,0.0,0.0,0,0.0,0.012623985,0,0.0
2026-05-07 13:00:00+00:00,0.0,0.02169234,0,0.0,0.012480775,0,0.0,0.0,0,0.0,0.009357455,0,0.0
2026-05-07 14:00:00+00:00,0.0,0.01940939,0,0.0,0.011050091,0,0.0,0.0,0,0.0,0.009357455,0,0.0
2026-05-07 15:00:00+00:00,0.0,0.017116858,0,0.0,0.007952212,0,0.0,0.0,0,0.0,0.006430868,0,0.0
2026-05-07 16:00:00+00:00,0.0,0.018289732,0,0.0,0.008386582,0,0.0,0.0,0,0.0,0.0037021802,0,0.0
2026-05-07 17:00:00+00:00,0.0,0.013128052,0,0.0,0.0077931467,0,0.0,0.0,0,0.0,0.0037021802,0,0.0
2026-05-07 18:00:00+00:00,0.0,0.0098917335,0,0.0,0.0070438595,0,0.0,0.0,0,0.0,0.0037021802,0,0.0
2026-05-07 19:00:00+00:00,0.0,0.007815164,0,0.0,0.0075980094,0,0.0,0.0,0,0.0,0.0037021802,0,0.0
2026-05-07 20:00:00+00:00,0.0,0.010255434,0,0.0,0.007894527,0,0.0,0.0,0,0.0,0.0024982155,0,0.0
2026-05-07 21:00:00+00:00,0.0,0.01264864,0,0.0,0.0062924987,0,0.0,0.0,0,0.0,0.0024982155,0,0.0
2026-05-07 22:00:00+00:00,0.0,0.013441703,0,0.0,0.006757191,0,0.0,0.0,0,0.0,0.0014925373,0,0.0
2026-05-07 23:00:00+00:00,0.0,0.036855195,0,0.0,0.008099019,0,0.0,0.0,0,0.0,0.0024982155,0,0.0
2026-05-08 00:00:00+00:00,0.0,0.018103098,0,0.0,0.07084644,0,0.0,0.0,0,0.0,0.07639231,0,0.0
2026-05-08 01:00:00+00:00,0.0,0.034221143,0,0.0,0.05472013,0,0.0,0.0,0,0.0,0.045861296,0,0.0
2026-05-08 02:00:00+00:00,0.0,0.030888861,0,0.0,0.03624859,0,0.0,0.0,0,0.0,0.041237112,0,0.0
2026-05-08 03:00:00+00:00,0.0,0.015670884,0,0.0,0.03389336,0,0.0,0.0,0,0.0,0.02354788,0,0.0
2026-05-08 04:00:00+00:00,0.0,0.0115007255,0,0.0,0.026315877,0,0.0,0.0,0,0.0,0.02354788,0,0.0
2026-05-08 05:00:00+00:00,0.0,0.004721151,0,0.0,0.01651987,0,0.0,0.0,0,0.0,0.02354788,0,0.0
2026-05-08 06:00:00+00:00,0.0,0.0042332336,0,0.0,0.014425402,0,0.0,0.0,0,0.0,0.024216523,0,0.0
2026-05-08 07:00:00+00:00,0.0,0.0039682365,0,0.0,0.011144997,0,0.0,0.0,0,0.0,0.041237112,0,0.0
2026-05-08 08:00:00+00:00,0.0,0.0071495078,0,0.0,0.023098456,0,0.0,0.0,0,0.0,0.041237112,0,0.0
2026-05-08 09:00:00+00:00,0.0,0.009733057,0,0.0,0.022905251,0,0.0,0.0,0,0.0,0.034285713,0,0.0
2026-05-08 10:00:00+00:00,0.0,0.04329828,0,0.0,0.04442974,0,0.0,0.0,0,0.0,0.02354788,0,0.0
2026-05-08 11:00:00+00:00,0.0,0.051389936,0,0.0,0.033269823,0,0.0,0.04747272,0,0.0,0.02354788,0,0.0
2026-05-08 12:00:00+00:00,0.0,0.019708443,0,0.0,0.019928385,0,0.0,0.0,0,0.0,0.02347418,0,0.0
2026-05-08 13:00:00+00:00,0.0,0.03180185,0,0.0,0.01853769,0,0.0,0.0,0,0.0,0.012623985,0,0.0
2026-05-08 14:00:00+00:00,0.0,0.03517465,0,0.0,0.019426955,0,0.0,0.0,0,0.0,0.012623985,0,0.0
2026-05-08 15:00:00+00:00,0.0,0.024711695,0,0.0,0.013051202,0,0.0,0.0,0,0.0,0.009357455,0,0.0
2026-05-08 16:00:00+00:00,0.0,0.017426271,0,0.0,0.009854638,0,0.0,0.0,0,0.0,0.009357455,0,0.0
2026-05-08 17:00:00+00:00,0.0,0.012795776,0,0.0,0.00919101,0,0.0,0.0,0,0.0,0.009357455,0,0.0
2026-05-08 18:00:00+00:00,0.0,0.0067622107,0,0.0,0.0086042695,0,0.0,0.0,0,0.0,0.0037021802,0,0.0
2026-05-08 19:00:00+00:00,0.0,0.00550656,0,0.0,0.007351566,0,0.0,0.0,0,0.0,0.0037021802,0,0.0
2026-05-08 20:00:00+00:00,0.0,0.0055319923,0,0.0,0.0060558342,0,0.0,0.0,0,0.0,0.0024982155,0,0.0
2026-05-08 21:00:00+00:00,0.0,0.010886044,0,0.0,0.007042189,0,0.0,0.0,0,0.0,0.0024982155,0,0.0
2026-05-08 22:00:00+00:00,0.0,0.011052681,0,0.0,0.0070033944,0,0.0,0.0,0,0.0,0.0024982155,0,0.0
2026-05-08 23:00:00+00:00,0.0,0.019628894,0,0.0,0.0076621757,0,0.0,0.0,0,0.0,0.0024982155,0,0.0
2026-05-09 00:00:00+00:00,0.0,0.025603956,0,0.0,0.09355611,0,0.0,0.0,0,0.0,0.07639231,0,0.0
2026-05-09 01:00:00+00:00,0.0,0.0144314915,0,0.0,0.048971,0,0.0,0.0,0,0.0,0.041237112,0,0.0
2026-05-09 02:00:00+00:00,0.0,0.027412774,0,0.0,0.033686474,0,0.0,0.0,0,0.0,0.041237112,0,0.0
2026-05-09 03:00:00+00:00,0.0,0.020253353,0,0.0,0.03495464,0,0.0,0.0,0,0.0,0.024216523,0,0.0
2026-05-09 04:00:00+00:00,0.0,0.01107894,0,0.0,0.03441402,0,0.0,0.0,0,0.0,0.034285713,0,0.0
2026-05-09 05:00:00+00:00,0.0,0.012657827,0,0.0,0.043158486,0,0.0,0.0,0,0.0,0.041666668,0,0.0
2026-05-09 06:00:00+00:00,0.0,0.015983846,0,0.0,0.070387766,0,0.0,0.09455128,0,0.0,0.045861296,0,0.0
2026-05-09 07:00:00+00:00,0.0,0.0229332,0,0.0,0.085307926,0,0.0,0.09455128,0,0.0,0.07639231,0,0.0
2026-05-09 08:00:00+00:00,0.0,0.020840846,0,0.0,0.07828427,0,0.0,0.09455128,0,0.0,0.07639231,0,0.0
2026-05-09 09:00:00+00:00,0.0,0.020533526,0,0.0,0.0632566,0,0.0,0.09455128,0,0.0,0.07639231,0,0.0
2026-05-09 10:00:00+00:00,0.0,0.06440781,0,0.0,0.053643268,0,0.0,0.09455128,0,0.0,0.045861296,0,0.0
2026-05-09 11:00:00+00:00,0.0,0.05390243,0,0.0,0.05621895,0,0.0,0.09455128,0,0.0,0.041237112,0,0.0
2026-05-09 12:00:00+00:00,0.0,0.044950403,0,0.0,0.043007676,0,0.0,0.09455128,0,0.0,0.024216523,0,0.0
2026-05-09 13:00:00+00:00,0.0,0.14624648,0,0.0,0.059100702,0,0.0,0.09455128,0,0.0,0.02354788,0,0.0
2026-05-09 14:00:00+00:00,0.0,0.10222175,0,0.0,0.047145166,0,0.0,0.09455128,0,0.0,0.02347418,0,0.0
2026-05-09 15:00:00+00:00,1.7999999999999998,0.040004138,0,0.0,0.011385536,0,0.0,0.0,0,0.0,0.021951219,0,0.0
2026-05-09 16:00:00+00:00,0.0,0.58871806,1,3.641899824142456,0.9967919,1,3.0896904468536377,0.5582822,1,2.2205727100372314,1.0,1,3.0312018394470215
2026-05-09 17:00:00+00:00,0.0,0.04335604,0,0.0,0.022364073,0,0.0,0.248,0,0.0,0.012623985,0,0.0
2026-05-09 18:00:00+00:00,0.0,0.012031977,0,0.0,0.010462157,0,0.0,0.09455128,0,0.0,0.0037021802,0,0.0
2026-05-09 19:00:00+00:00,0.0,0.044833813,0,0.0,0.009601604,0,0.0,0.09455128,0,0.0,0.009357455,0,0.0
2026-05-09 20:00:00+00:00,0.0,0.015766378,0,0.0,0.007906835,0,0.0,0.09455128,0,0.0,0.009357455,0,0.0
2026-05-09 21:00:00+00:00,0.0,0.015843108,0,0.0,0.005887646,0,0.0,0.09455128,0,0.0,0.0037021802,0,0.0
2026-05-09 22:00:00+00:00,0.0,0.012866134,0,0.0,0.006634708,0,0.0,0.0,0,0.0,0.0037021802,0,0.0
2026-05-09 23:00:00+00:00,0.0,0.022791397,0,0.0,0.0063081267,0,0.0,0.09455128,0,0.0,0.021951219,0,0.0
2026-05-10 00:00:00+00:00,0.0,0.030065423,0,0.0,0.12305909,0,0.0,0.09455128,0,0.0,0.10453401,0,0.0
2026-05-10 01:00:00+00:00,0.0,0.03278297,0,0.0,0.08160704,0,0.0,0.0,0,0.0,0.07639231,0,0.0
2026-05-10 02:00:00+00:00,0.0,0.04080153,0,0.0,0.048685364,0,0.0,0.09455128,0,0.0,0.041237112,0,0.0
2026-05-10 03:00:00+00:00,0.0,0.010674112,0,0.0,0.032502934,0,0.0,0.09455128,0,0.0,0.041666668,0,0.0
2026-05-10 04:00:00+00:00,0.0,0.008903844,0,0.0,0.02847434,0,0.0,0.0,0,0.0,0.045861296,0,0.0
2026-05-10 05:00:00+00:00,0.0,0.0066356068,0,0.0,0.028987758,0,0.0,0.0,0,0.0,0.045861296,0,0.0
2026-05-10 06:00:00+00:00,0.0,0.006060669,0,0.0,0.028721409,0,0.0,0.0,0,0.0,0.07639231,0,0.0
2026-05-10 07:00:00+00:00,0.0,0.008744442,0,0.0,0.040758938,0,0.0,0.0,0,0.0,0.09417041,0,0.0
2026-05-10 08:00:00+00:00,0.0,0.00932786,0,0.0,0.04384548,0,0.0,0.0,0,0.0,0.07639231,0,0.0
2026-05-10 09:00:00+00:00,0.0,0.008786016,0,0.0,0.038882017,0,0.0,0.0,0,0.0,0.045861296,0,0.0
2026-05-10 10:00:00+00:00,0.0,0.009958565,0,0.0,0.03194191,0,0.0,0.0,0,0.0,0.041237112,0,0.0
2026-05-10 11:00:00+00:00,0.0,0.02616315,0,0.0,0.01978086,0,0.0,0.0,0,0.0,0.02354788,0,0.0
2026-05-10 12:00:00+00:00,0.0,0.023393588,0,0.0,0.022408245,0,0.0,0.0,0,0.0,0.02347418,0,0.0
2026-05-10 13:00:00+00:00,0.0,0.02511436,0,0.0,0.018574268,0,0.0,0.0,0,0.0,0.02347418,0,0.0
2026-05-10 14:00:00+00:00,0.0,0.042653654,0,0.0,0.032324236,0,0.0,0.0,0,0.0,0.021951219,0,0.0
2026-05-10 15:00:00+00:00,0.0,0.03280325,0,0.0,0.015517839,0,0.0,0.0,0,0.0,0.012623985,0,0.0
2026-05-10 16:00:00+00:00,0.0,0.03970036,0,0.0,0.017211495,0,0.0,0.0,0,0.0,0.012623985,0,0.0
2026-05-10 17:00:00+00:00,0.0,0.042579833,0,0.0,0.015423053,0,0.0,0.0,0,0.0,0.009357455,0,0.0
2026-05-10 18:00:00+00:00,0.3,0.02524507,0,0.0,0.011045699,0,0.0,0.09455128,0,0.0,0.009357455,0,0.0
2026-05-10 19:00:00+00:00,0.0,0.24459755,0,0.0,0.8650471,1,0.4493323266506195,0.31460676,0,0.0,0.8703704,1,0.41698768734931946
2026-05-10 20:00:00+00:00,0.0,0.033820912,0,0.0,0.038288485,0,0.0,0.09455128,0,0.0,0.02347418,0,0.0
2026-05-10 21:00:00+00:00,0.0,0.011396496,0,0.0,0.007241576,0,0.0,0.0,0,0.0,0.02347418,0,0.0
2026-05-10 22:00:00+00:00,0.0,0.058763683,0,0.0,0.023153309,0,0.0,0.0,0,0.0,0.009357455,0,0.0
2026-05-10 23:00:00+00:00,0.0,0.0097965,0,0.0,0.008182978,0,0.0,0.0,0,0.0,0.0037021802,0,0.0
2026-05-11 00:00:00+00:00,0.0,0.061585955,0,0.0,0.20325561,0,0.0,0.0,0,0.0,0.09417041,0,0.0
2026-05-11 01:00:00+00:00,0.0,0.044907145,0,0.0,0.115143456,0,0.0,0.0,0,0.0,0.07639231,0,0.0
2026-05-11 02:00:00+00:00,0.0,0.033201076,0,0.0,0.04199126,0,0.0,0.0,0,0.0,0.07639231,0,0.0
2026-05-11 03:00:00+00:00,0.0,0.016234979,0,0.0,0.028908525,0,0.0,0.0,0,0.0,0.024216523,0,0.0
2026-05-11 04:00:00+00:00,0.0,0.007104618,0,0.0,0.030143967,0,0.0,0.0,0,0.0,0.041237112,0,0.0
2026-05-11 05:00:00+00:00,0.0,0.008388017,0,0.0,0.040544707,0,0.0,0.0,0,0.0,0.041237112,0,0.0
2026-05-11 06:00:00+00:00,0.0,0.012449676,0,0.0,0.04302672,0,0.0,0.09455128,0,0.0,0.07639231,0,0.0
2026-05-11 07:00:00+00:00,0.0,0.007890249,0,0.0,0.037744854,0,0.0,0.0,0,0.0,0.09417041,0,0.0
2026-05-11 08:00:00+00:00,0.0,0.022624254,0,0.0,0.08465414,0,0.0,0.09455128,0,0.0,0.07639231,0,0.0
2026-05-11 09:00:00+00:00,0.0,0.032949544,0,0.0,0.072081454,0,0.0,0.09455128,0,0.0,0.07639231,0,0.0
2026-05-11 10:00:00+00:00,0.0,0.050683472,0,0.0,0.04488896,0,0.0,0.0,0,0.0,0.045861296,0,0.0
2026-05-11 11:00:00+00:00,0.0,0.04881981,0,0.0,0.039703503,0,0.0,0.0,0,0.0,0.034285713,0,0.0
2026-05-11 12:00:00+00:00,0.0,0.024598576,0,0.0,0.029874843,0,0.0,0.0,0,0.0,0.02354788,0,0.0
2026-05-11 13:00:00+00:00,0.0,0.07932155,0,0.0,0.029449312,0,0.0,0.0,0,0.0,0.02354788,0,0.0
2026-05-11 14:00:00+00:00,0.0,0.07030999,0,0.0,0.027070463,0,0.0,0.0,0,0.0,0.021951219,0,0.0
2026-05-11 15:00:00+00:00,0.0,0.04677191,0,0.0,0.014235187,0,0.0,0.0,0,0.0,0.012623985,0,0.0
2026-05-11 16:00:00+00:00,0.0,0.03481761,0,0.0,0.012736996,0,0.0,0.0,0,0.0,0.012623985,0,0.0
2026-05-11 17:00:00+00:00,0.0,0.021482911,0,0.0,0.011092792,0,0.0,0.0,0,0.0,0.009357455,0,0.0
2026-05-11 18:00:00+00:00,0.0,0.009258399,0,0.0,0.009811461,0,0.0,0.0,0,0.0,0.009357455,0,0.0
2026-05-11 19:00:00+00:00,0.0,0.008878049,0,0.0,0.009366158,0,0.0,0.09455128,0,0.0,0.0037021802,0,0.0
2026-05-11 20:00:00+00:00,0.0,0.007929474,0,0.0,0.0074982075,0,0.0,0.09455128,0,0.0,0.0037021802,0,0.0
2026-05-11 21:00:00+00:00,0.0,0.007815364,0,0.0,0.0053854543,0,0.0,0.0,0,0.0,0.0024982155,0,0.0
2026-05-11 22:00:00+00:00,0.0,0.014580346,0,0.0,0.0073336074,0,0.0,0.0,0,0.0,0.0024982155,0,0.0
2026-05-11 23:00:00+00:00,0.0,0.019205999,0,0.0,0.008655304,0,0.0,0.0,0,0.0,0.0037021802,0,0.0
2026-05-12 00:00:00+00:00,0.0,0.055748682,0,0.0,0.15727149,0,0.0,0.0,0,0.0,0.09417041,0,0.0
2026-05-12 01:00:00+00:00,0.0,0.038250417,0,0.0,0.08690404,0,0.0,0.0,0,0.0,0.07639231,0,0.0
2026-05-12 02:00:00+00:00,0.0,0.025045576,0,0.0,0.04375869,0,0.0,0.0,0,0.0,0.07639231,0,0.0
2026-05-12 03:00:00+00:00,0.0,0.015795536,0,0.0,0.027493343,0,0.0,0.0,0,0.0,0.044198897,0,0.0
2026-05-12 04:00:00+00:00,0.0,0.0068796254,0,0.0,0.02820023,0,0.0,0.0,0,0.0,0.024216523,0,0.0
2026-05-12 05:00:00+00:00,0.0,0.007729227,0,0.0,0.03599257,0,0.0,0.0,0,0.0,0.041237112,0,0.0
2026-05-12 06:00:00+00:00,0.0,0.015027954,0,0.0,0.05161696,0,0.0,0.0,0,0.0,0.07639231,0,0.0
2026-05-12 07:00:00+00:00,0.0,0.010323586,0,0.0,0.048915457,0,0.0,0.09455128,0,0.0,0.07639231,0,0.0
2026-05-12 08:00:00+00:00,0.0,0.009919845,0,0.0,0.04462361,0,0.0,0.0,0,0.0,0.07639231,0,0.0
2026-05-12 09:00:00+00:00,0.0,0.014940748,0,0.0,0.046721622,0,0.0,0.0,0,0.0,0.044198897,0,0.0
2026-05-12 10:00:00+00:00,0.0,0.036017843,0,0.0,0.03644323,0,0.0,0.0,0,0.0,0.024216523,0,0.0
2026-05-12 11:00:00+00:00,0.0,0.027287131,0,0.0,0.020605037,0,0.0,0.0,0,0.0,0.02347418,0,0.0
2026-05-12 12:00:00+00:00,0.0,0.030961584,0,0.0,0.021340199,0,0.0,0.0,0,0.0,0.021951219,0,0.0
2026-05-12 13:00:00+00:00,0.0,0.07432426,0,0.0,0.017916616,0,0.0,0.0,0,0.0,0.012623985,0,0.0
2026-05-12 14:00:00+00:00,0.0,0.05503821,0,0.0,0.017412689,0,0.0,0.0,0,0.0,0.009357455,0,0.0
2026-05-12 15:00:00+00:00,0.0,0.030370655,0,0.0,0.010859281,0,0.0,0.0,0,0.0,0.009357455,0,0.0
2026-05-12 16:00:00+00:00,0.0,0.03064338,0,0.0,0.01261565,0,0.0,0.0,0,0.0,0.009357455,0,0.0
2026-05-12 17:00:00+00:00,0.0,0.014256053,0,0.0,0.008436615,0,0.0,0.0,0,0.0,0.009357455,0,0.0
2026-05-12 18:00:00+00:00,0.0,0.007903242,0,0.0,0.007855098,0,0.0,0.0,0,0.0,0.0037021802,0,0.0
2026-05-12 19:00:00+00:00,0.0,0.010225595,0,0.0,0.008028094,0,0.0,0.0,0,0.0,0.0037021802,0,0.0
2026-05-12 20:00:00+00:00,0.0,0.0057452023,0,0.0,0.0077294214,0,0.0,0.0,0,0.0,0.0037021802,0,0.0
2026-05-12 21:00:00+00:00,0.0,0.005307405,0,0.0,0.0054649264,0,0.0,0.0,0,0.0,0.0024982155,0,0.0
2026-05-12 22:00:00+00:00,0.0,0.004945118,0,0.0,0.0067801694,0,0.0,0.0,0,0.0,0.0024982155,0,0.0
2026-05-12 23:00:00+00:00,0.0,0.0069797104,0,0.0,0.0068730474,0,0.0,0.0,0,0.0,0.0024982155,0,0.0
2026-05-13 00:00:00+00:00,0.0,0.017169224,0,0.0,0.06118982,0,0.0,0.0,0,0.0,0.07639231,0,0.0
2026-05-13 01:00:00+00:00,0.0,0.0144310845,0,0.0,0.032991126,0,0.0,0.0,0,0.0,0.045861296,0,0.0
2026-05-13 02:00:00+00:00,0.0,0.025573993,0,0.0,0.028833805,0,0.0,0.0,0,0.0,0.024216523,0,0.0
2026-05-13 03:00:00+00:00,0.0,0.015049632,0,0.0,0.02321086,0,0.0,0.0,0,0.0,0.02354788,0,0.0
2026-05-13 04:00:00+00:00,0.0,0.0054052332,0,0.0,0.018123465,0,0.0,0.0,0,0.0,0.02354788,0,0.0
2026-05-13 05:00:00+00:00,0.0,0.006151345,0,0.0,0.027790966,0,0.0,0.0,0,0.0,0.024216523,0,0.0
2026-05-13 06:00:00+00:00,0.0,0.0124585265,0,0.0,0.042251747,0,0.0,0.09455128,0,0.0,0.045861296,0,0.0
2026-05-13 07:00:00+00:00,0.0,0.010134744,0,0.0,0.04304774,0,0.0,0.0,0,0.0,0.07639231,0,0.0
2026-05-13 08:00:00+00:00,0.0,0.011783932,0,0.0,0.04772627,0,0.0,0.0,0,0.0,0.044198897,0,0.0
2026-05-13 09:00:00+00:00,0.0,0.017694587,0,0.0,0.04981083,0,0.0,0.09455128,0,0.0,0.024216523,0,0.0
2026-05-13 10:00:00+00:00,0.0,0.040786985,0,0.0,0.037375733,0,0.0,0.09455128,0,0.0,0.024216523,0,0.0
2026-05-13 11:00:00+00:00,0.0,0.038422186,0,0.0,0.033359013,0,0.0,0.0,0,0.0,0.02347418,0,0.0
2026-05-13 12:00:00+00:00,0.0,0.021998646,0,0.0,0.021441497,0,0.0,0.0,0,0.0,0.012623985,0,0.0
2026-05-13 13:00:00+00:00,0.0,0.031110158,0,0.0,0.017414346,0,0.0,0.0,0,0.0,0.012623985,0,0.0
2026-05-13 14:00:00+00:00,0.0,0.040732928,0,0.0,0.018783052,0,0.0,0.0,0,0.0,0.009357455,0,0.0
2026-05-13 15:00:00+00:00,0.0,0.02492975,0,0.0,0.01018204,0,0.0,0.0,0,0.0,0.009357455,0,0.0
2026-05-13 16:00:00+00:00,0.0,0.022456722,0,0.0,0.010370158,0,0.0,0.0,0,0.0,0.009357455,0,0.0
2026-05-13 17:00:00+00:00,0.0,0.01919455,0,0.0,0.009023921,0,0.0,0.0,0,0.0,0.009357455,0,0.0
2026-05-13 18:00:00+00:00,0.0,0.01276707,0,0.0,0.009006318,0,0.0,0.0,0,0.0,0.006430868,0,0.0
2026-05-13 19:00:00+00:00,0.0,0.01659191,0,0.0,0.011124494,0,0.0,0.0,0,0.0,0.0037021802,0,0.0
2026-05-13 20:00:00+00:00,0.0,0.017567992,0,0.0,0.010235836,0,0.0,0.09455128,0,0.0,0.0037021802,0,0.0
2026-05-13 21:00:00+00:00,0.0,0.009157115,0,0.0,0.0074877534,0,0.0,0.09455128,0,0.0,0.0024982155,0,0.0
2026-05-13 22:00:00+00:00,0.0,0.013407992,0,0.0,0.0075534335,0,0.0,0.0,0,0.0,0.0024982155,0,0.0
2026-05-13 23:00:00+00:00,0.0,0.010343859,0,0.0,0.009052834,0,0.0,0.0,0,0.0,0.0037021802,0,0.0
2026-05-14 00:00:00+00:00,0.0,0.055404235,0,0.0,0.14755139,0,0.0,0.0,0,0.0,0.09417041,0,0.0
2026-05-14 01:00:00+00:00,0.0,0.03713455,0,0.0,0.08059578,0,0.0,0.09455128,0,0.0,0.07639231,0,0.0
2026-05-14 02:00:00+00:00,0.0,0.031921443,0,0.0,0.0497384,0,0.0,0.09455128,0,0.0,0.041237112,0,0.0
2026-05-14 03:00:00+00:00,0.0,0.011581325,0,0.0,0.030505966,0,0.0,0.0,0,0.0,0.024216523,0,0.0
2026-05-14 04:00:00+00:00,0.0,0.010408835,0,0.0,0.027347885,0,0.0,0.0,0,0.0,0.034285713,0,0.0
2026-05-14 05:00:00+00:00,0.0,0.007472333,0,0.0,0.024968652,0,0.0,0.09455128,0,0.0,0.044198897,0,0.0
2026-05-14 06:00:00+00:00,0.0,0.013648822,0,0.0,0.04121363,0,0.0,0.09455128,0,0.0,0.07639231,0,0.0
2026-05-14 07:00:00+00:00,0.0,0.012290271,0,0.0,0.051801864,0,0.0,0.09455128,0,0.0,0.07639231,0,0.0
2026-05-14 08:00:00+00:00,0.0,0.018430311,0,0.0,0.0708193,0,0.0,0.09455128,0,0.0,0.07639231,0,0.0
2026-05-14 09:00:00+00:00,0.0,0.03726105,0,0.0,0.0668567,0,0.0,0.09455128,0,0.0,0.07639231,0,0.0
2026-05-14 10:00:00+00:00,0.0,0.050523546,0,0.0,0.043769926,0,0.0,0.09455128,0,0.0,0.044198897,0,0.0
2026-05-14 11:00:00+00:00,0.0,0.054239027,0,0.0,0.031747717,0,0.0,0.09455128,0,0.0,0.024216523,0,0.0
2026-05-14 12:00:00+00:00,0.0,0.041733872,0,0.0,0.03203124,0,0.0,0.0,0,0.0,0.02354788,0,0.0
2026-05-14 13:00:00+00:00,0.0,0.0829866,0,0.0,0.02697757,0,0.0,0.0,0,0.0,0.02354788,0,0.0
2026-05-14 14:00:00+00:00,0.0,0.12058924,0,0.0,0.0340411,0,0.0,0.0,0,0.0,0.02347418,0,0.0
2026-05-14 15:00:00+00:00,0.0,0.06589251,0,0.0,0.01971334,0,0.0,0.0,0,0.0,0.021951219,0,0.0
2026-05-14 16:00:00+00:00,0.0,0.06441284,0,0.0,0.017680287,0,0.0,0.0,0,0.0,0.012623985,0,0.0
2026-05-14 17:00:00+00:00,0.0,0.031148681,0,0.0,0.011818817,0,0.0,0.0,0,0.0,0.009357455,0,0.0
2026-05-14 18:00:00+00:00,0.0,0.022743963,0,0.0,0.012584641,0,0.0,0.0,0,0.0,0.009357455,0,0.0
2026-05-14 19:00:00+00:00,0.0,0.022825172,0,0.0,0.013477135,0,0.0,0.0,0,0.0,0.009357455,0,0.0
2026-05-14 20:00:00+00:00,0.0,0.015288067,0,0.0,0.0098917065,0,0.0,0.0,0,0.0,0.006430868,0,0.0
2026-05-14 21:00:00+00:00,0.0,0.007582572,0,0.0,0.007964617,0,0.0,0.0,0,0.0,0.0037021802,0,0.0
2026-05-14 22:00:00+00:00,0.0,0.020534702,0,0.0,0.009433901,0,0.0,0.0,0,0.0,0.0024982155,0,0.0
2026-05-14 23:00:00+00:00,0.0,0.011422263,0,0.0,0.008661165,0,0.0,0.09455128,0,0.0,0.0037021802,0,0.0
2026-05-15 00:00:00+00:00,0.0,0.048275325,0,0.0,0.13229924,0,0.0,0.0,0,0.0,0.10453401,0,0.0
2026-05-15 01:00:00+00:00,0.0,0.0321399,0,0.0,0.06835867,0,0.0,0.0,0,0.0,0.07639231,0,0.0
2026-05-15 02:00:00+00:00,0.0,0.0677495,0,0.0,0.05827449,0,0.0,0.0,0,0.0,0.07639231,0,0.0
2026-05-15 03:00:00+00:00,0.0,0.02986157,0,0.0,0.04805311,0,0.0,0.0,0,0.0,0.045861296,0,0.0
2026-05-15 04:00:00+00:00,0.0,0.023060026,0,0.0,0.04375847,0,0.0,0.0,0,0.0,0.045861296,0,0.0
2026-05-15 05:00:00+00:00,0.0,0.014717285,0,0.0,0.049435988,0,0.0,0.0,0,0.0,0.07639231,0,0.0
2026-05-15 06:00:00+00:00,0.0,0.023502644,0,0.0,0.06923459,0,0.0,0.0,0,0.0,0.09417041,0,0.0
2026-05-15 07:00:00+00:00,0.0,0.02963904,0,0.0,0.078599446,0,0.0,0.0,0,0.0,0.10453401,0,0.0
2026-05-15 08:00:00+00:00,0.0,0.043883946,0,0.0,0.08787209,0,0.0,0.0,0,0.0,0.07639231,0,0.0
2026-05-15 09:00:00+00:00,0.0,0.039948937,0,0.0,0.06061154,0,0.0,0.0,0,0.0,0.07639231,0,0.0
2026-05-15 10:00:00+00:00,0.0,0.053645413,0,0.0,0.042600665,0,0.0,0.09455128,0,0.0,0.041237112,0,0.0
2026-05-15 11:00:00+00:00,0.0,0.07760999,0,0.0,0.033686943,0,0.0,0.0,0,0.0,0.034285713,0,0.0
2026-05-15 12:00:00+00:00,0.0,0.04400211,0,0.0,0.030286573,0,0.0,0.0,0,0.0,0.024216523,0,0.0
2026-05-15 13:00:00+00:00,0.0,0.061052915,0,0.0,0.027708597,0,0.0,0.0,0,0.0,0.023520643,0,0.0
2026-05-15 14:00:00+00:00,0.0,0.07767798,0,0.0,0.026383664,0,0.0,0.0,0,0.0,0.021951219,0,0.0
2026-05-15 15:00:00+00:00,0.0,0.060014974,0,0.0,0.022755465,0,0.0,0.0,0,0.0,0.012623985,0,0.0
2026-05-15 16:00:00+00:00,0.0,0.034392554,0,0.0,0.014715306,0,0.0,0.0,0,0.0,0.012623985,0,0.0
2026-05-15 17:00:00+00:00,0.0,0.023173727,0,0.0,0.011537499,0,0.0,0.0,0,0.0,0.009357455,0,0.0
2026-05-15 18:00:00+00:00,0.0,0.021813214,0,0.0,0.010402339,0,0.0,0.0,0,0.0,0.009357455,0,0.0
2026-05-15 19:00:00+00:00,0.0,0.0168888,0,0.0,0.00876041,0,0.0,0.0,0,0.0,0.009357455,0,0.0
2026-05-15 20:00:00+00:00,0.0,0.011926395,0,0.0,0.00885645,0,0.0,0.09455128,0,0.0,0.0037021802,0,0.0
2026-05-15 21:00:00+00:00,0.0,0.011542302,0,0.0,0.006685529,0,0.0,0.09455128,0,0.0,0.0024982155,0,0.0
2026-05-15 22:00:00+00:00,0.0,0.010943959,0,0.0,0.0067979665,0,0.0,0.09455128,0,0.0,0.0024982155,0,0.0
2026-05-15 23:00:00+00:00,0.0,0.016890723,0,0.0,0.0070175417,0,0.0,0.09455128,0,0.0,0.0037021802,0,0.0
2026-05-16 00:00:00+00:00,0.0,0.054616667,0,0.0,0.15215011,0,0.0,0.09455128,0,0.0,0.09417041,0,0.0
2026-05-16 01:00:00+00:00,0.0,0.03380691,0,0.0,0.070873216,0,0.0,0.0,0,0.0,0.0625,0,0.0
2026-05-16 02:00:00+00:00,0.0,0.045867413,0,0.0,0.04749907,0,0.0,0.09455128,0,0.0,0.045861296,0,0.0
2026-05-16 03:00:00+00:00,0.0,0.02705973,0,0.0,0.049572866,0,0.0,0.09455128,0,0.0,0.045861296,0,0.0
2026-05-16 04:00:00+00:00,0.0,0.02007471,0,0.0,0.06272509,0,0.0,0.09455128,0,0.0,0.07639231,0,0.0
2026-05-16 05:00:00+00:00,0.0,0.023072325,0,0.0,0.08113338,0,0.0,0.09455128,0,0.0,0.07639231,0,0.0
2026-05-16 06:00:00+00:00,0.0,0.022463161,0,0.0,0.10309325,0,0.0,0.0,0,0.0,0.10453401,0,0.0
2026-05-16 07:00:00+00:00,0.0,0.025518334,0,0.0,0.09504401,0,0.0,0.09455128,0,0.0,0.10453401,0,0.0
2026-05-16 08:00:00+00:00,0.0,0.029022738,0,0.0,0.110773794,0,0.0,0.09455128,0,0.0,0.10453401,0,0.0
2026-05-16 09:00:00+00:00,0.0,0.035249684,0,0.0,0.055943836,0,0.0,0.09455128,0,0.0,0.07639231,0,0.0
2026-05-16 10:00:00+00:00,0.0,0.05452482,0,0.0,0.050808817,0,0.0,0.0,0,0.0,0.045861296,0,0.0
2026-05-16 11:00:00+00:00,0.0,0.055347886,0,0.0,0.03444232,0,0.0,0.09455128,0,0.0,0.024216523,0,0.0
2026-05-16 12:00:00+00:00,0.0,0.043047164,0,0.0,0.029565688,0,0.0,0.0,0,0.0,0.024216523,0,0.0
2026-05-16 13:00:00+00:00,0.0,0.09321401,0,0.0,0.025272889,0,0.0,0.0,0,0.0,0.02347418,0,0.0
2026-05-16 14:00:00+00:00,0.0,0.06860655,0,0.0,0.024668481,0,0.0,0.0,0,0.0,0.021951219,0,0.0
2026-05-16 15:00:00+00:00,0.0,0.044081327,0,0.0,0.013219052,0,0.0,0.0,0,0.0,0.012623985,0,0.0
2026-05-16 16:00:00+00:00,0.0,0.05041833,0,0.0,0.015565984,0,0.0,0.0,0,0.0,0.012623985,0,0.0
2026-05-16 17:00:00+00:00,0.0,0.034268904,0,0.0,0.009899952,0,0.0,0.0,0,0.0,0.009357455,0,0.0
2026-05-16 18:00:00+00:00,0.0,0.018359503,0,0.0,0.009638771,0,0.0,0.0,0,0.0,0.009357455,0,0.0
2026-05-16 19:00:00+00:00,0.0,0.008940147,0,0.0,0.008528217,0,0.0,0.0,0,0.0,0.006430868,0,0.0
2026-05-16 20:00:00+00:00,0.0,0.008004793,0,0.0,0.009869808,0,0.0,0.0,0,0.0,0.0037021802,0,0.0
2026-05-16 21:00:00+00:00,0.0,0.010484134,0,0.0,0.007509167,0,0.0,0.0,0,0.0,0.0024982155,0,0.0
2026-05-16 22:00:00+00:00,0.0,0.014730912,0,0.0,0.009276305,0,0.0,0.0,0,0.0,0.0024982155,0,0.0
2026-05-16 23:00:00+00:00,0.0,0.02194397,0,0.0,0.0101398025,0,0.0,0.0,0,0.0,0.0037021802,0,0.0
2026-05-17 00:00:00+00:00,0.0,0.064755484,0,0.0,0.14227599,0,0.0,0.0,0,0.0,0.09417041,0,0.0
2026-05-17 01:00:00+00:00,0.0,0.07455558,0,0.0,0.11548204,0,0.0,0.0,0,0.0,0.045861296,0,0.0
2026-05-17 02:00:00+00:00,0.0,0.06208364,0,0.0,0.053056195,0,0.0,0.09455128,0,0.0,0.045861296,0,0.0
2026-05-17 03:00:00+00:00,0.0,0.026810247,0,0.0,0.0466766,0,0.0,0.0,0,0.0,0.044198897,0,0.0
2026-05-17 04:00:00+00:00,0.0,0.0147723695,0,0.0,0.049491625,0,0.0,0.0,0,0.0,0.045861296,0,0.0
2026-05-17 05:00:00+00:00,0.0,0.018743636,0,0.0,0.08541294,0,0.0,0.09455128,0,0.0,0.07639231,0,0.0
2026-05-17 06:00:00+00:00,0.0,0.017105436,0,0.0,0.07783377,0,0.0,0.09455128,0,0.0,0.09417041,0,0.0
2026-05-17 07:00:00+00:00,0.0,0.014836792,0,0.0,0.06760038,0,0.0,0.09455128,0,0.0,0.10453401,0,0.0
2026-05-17 08:00:00+00:00,0.0,0.014788755,0,0.0,0.06484666,0,0.0,0.0,0,0.0,0.09417041,0,0.0
2026-05-17 09:00:00+00:00,0.0,0.010913043,0,0.0,0.04327741,0,0.0,0.0,0,0.0,0.07639231,0,0.0
2026-05-17 10:00:00+00:00,0.0,0.011756023,0,0.0,0.040596064,0,0.0,0.0,0,0.0,0.041237112,0,0.0
2026-05-17 11:00:00+00:00,0.0,0.023972731,0,0.0,0.021165326,0,0.0,0.0,0,0.0,0.024216523,0,0.0
2026-05-17 12:00:00+00:00,0.0,0.02611196,0,0.0,0.024918087,0,0.0,0.0,0,0.0,0.02347418,0,0.0
2026-05-17 13:00:00+00:00,0.0,0.040034182,0,0.0,0.022374505,0,0.0,0.0,0,0.0,0.021951219,0,0.0
2026-05-17 14:00:00+00:00,0.0,0.044544235,0,0.0,0.022286253,0,0.0,0.09455128,0,0.0,0.012623985,0,0.0
2026-05-17 15:00:00+00:00,0.0,0.028834572,0,0.0,0.010957443,0,0.0,0.0,0,0.0,0.012623985,0,0.0
2026-05-17 16:00:00+00:00,0.0,0.020492282,0,0.0,0.010209257,0,0.0,0.0,0,0.0,0.009357455,0,0.0
2026-05-17 17:00:00+00:00,0.0,0.015903302,0,0.0,0.009199503,0,0.0,0.0,0,0.0,0.009357455,0,0.0
2026-05-17 18:00:00+00:00,0.0,0.011694315,0,0.0,0.008029336,0,0.0,0.0,0,0.0,0.006430868,0,0.0
2026-05-17 19:00:00+00:00,0.0,0.008765004,0,0.0,0.008739414,0,0.0,0.0,0,0.0,0.0037021802,0,0.0
2026-05-17 20:00:00+00:00,0.0,0.008657166,0,0.0,0.009556628,0,0.0,0.0,0,0.0,0.0037021802,0,0.0
2026-05-17 21:00:00+00:00,0.0,0.011778603,0,0.0,0.009586521,0,0.0,0.0,0,0.0,0.0024982155,0,0.0
2026-05-17 22:00:00+00:00,0.0,0.03041228,0,0.0,0.010070559,0,0.0,0.0,0,0.0,0.0024982155,0,0.0
2026-05-17 23:00:00+00:00,0.0,0.00925899,0,0.0,0.008859071,0,0.0,0.0,0,0.0,0.0024982155,0,0.0
2026-05-18 00:00:00+00:00,0.0,0.055941798,0,0.0,0.10901452,0,0.0,0.0,0,0.0,0.09417041,0,0.0
2026-05-18 01:00:00+00:00,0.0,0.03576216,0,0.0,0.08191047,0,0.0,0.0,0,0.0,0.045861296,0,0.0
2026-05-18 02:00:00+00:00,0.0,0.041725416,0,0.0,0.0501094,0,0.0,0.0,0,0.0,0.045861296,0,0.0
2026-05-18 03:00:00+00:00,0.0,0.010638253,0,0.0,0.035342038,0,0.0,0.0,0,0.0,0.041237112,0,0.0
2026-05-18 04:00:00+00:00,0.0,0.006588011,0,0.0,0.024475891,0,0.0,0.0,0,0.0,0.034285713,0,0.0
2026-05-18 05:00:00+00:00,0.0,0.0064639095,0,0.0,0.02404084,0,0.0,0.09455128,0,0.0,0.034285713,0,0.0
2026-05-18 06:00:00+00:00,0.0,0.008220812,0,0.0,0.031073824,0,0.0,0.0,0,0.0,0.045861296,0,0.0
2026-05-18 07:00:00+00:00,0.0,0.0045209792,0,0.0,0.022473445,0,0.0,0.0,0,0.0,0.045861296,0,0.0
2026-05-18 08:00:00+00:00,0.0,0.005230918,0,0.0,0.023638617,0,0.0,0.0,0,0.0,0.044198897,0,0.0
2026-05-18 09:00:00+00:00,0.0,0.014268555,0,0.0,0.03799488,0,0.0,0.0,0,0.0,0.024216523,0,0.0
2026-05-18 10:00:00+00:00,0.0,0.018459681,0,0.0,0.037201863,0,0.0,0.0,0,0.0,0.02354788,0,0.0
2026-05-18 11:00:00+00:00,0.0,0.020104885,0,0.0,0.021125695,0,0.0,0.0,0,0.0,0.021951219,0,0.0
2026-05-18 12:00:00+00:00,0.0,0.014906469,0,0.0,0.020579556,0,0.0,0.0,0,0.0,0.021951219,0,0.0
2026-05-18 13:00:00+00:00,0.0,0.032343622,0,0.0,0.018568845,0,0.0,0.0,0,0.0,0.012623985,0,0.0
2026-05-18 14:00:00+00:00,0.0,0.023681808,0,0.0,0.017864604,0,0.0,0.0,0,0.0,0.012623985,0,0.0
2026-05-18 15:00:00+00:00,0.0,0.027365902,0,0.0,0.01056964,0,0.0,0.0,0,0.0,0.009357455,0,0.0
2026-05-18 16:00:00+00:00,0.0,0.020339672,0,0.0,0.015191131,0,0.0,0.0,0,0.0,0.009357455,0,0.0
2026-05-18 17:00:00+00:00,0.0,0.016066464,0,0.0,0.012197907,0,0.0,0.0,0,0.0,0.009357455,0,0.0
2026-05-18 18:00:00+00:00,0.0,0.011191046,0,0.0,0.009230012,0,0.0,0.0,0,0.0,0.009357455,0,0.0
2026-05-18 19:00:00+00:00,0.0,0.0074156215,0,0.0,0.007394819,0,0.0,0.0,0,0.0,0.009357455,0,0.0
2026-05-18 20:00:00+00:00,0.0,0.015367397,0,0.0,0.009649329,0,0.0,0.0,0,0.0,0.0037021802,0,0.0
2026-05-18 21:00:00+00:00,0.0,0.0051591117,0,0.0,0.006113077,0,0.0,0.0,0,0.0,0.0024982155,0,0.0
2026-05-18 22:00:00+00:00,0.0,0.0063120285,0,0.0,0.006072907,0,0.0,0.09455128,0,0.0,0.0024982155,0,0.0
2026-05-18 23:00:00+00:00,0.0,0.0120007675,0,0.0,0.00645453,0,0.0,0.09455128,0,0.0,0.0037021802,0,0.0
2026-05-19 00:00:00+00:00,0.0,0.05010073,0,0.0,0.18616033,0,0.0,0.0,0,0.0,0.07639231,0,0.0
2026-05-19 01:00:00+00:00,0.0,0.023038145,0,0.0,0.05286718,0,0.0,0.0,0,0.0,0.07639231,0,0.0
2026-05-19 02:00:00+00:00,0.0,0.026766798,0,0.0,0.034194835,0,0.0,0.0,0,0.0,0.07639231,0,0.0
2026-05-19 03:00:00+00:00,0.0,0.008983646,0,0.0,0.031854533,0,0.0,0.0,0,0.0,0.041237112,0,0.0
2026-05-19 04:00:00+00:00,0.0,0.01211683,0,0.0,0.03886,0,0.0,0.0,0,0.0,0.041237112,0,0.0
2026-05-19 05:00:00+00:00,0.0,0.0135547705,0,0.0,0.05753925,0,0.0,0.0,0,0.0,0.041237112,0,0.0
2026-05-19 06:00:00+00:00,0.0,0.015358237,0,0.0,0.05816797,0,0.0,0.0,0,0.0,0.045861296,0,0.0
2026-05-19 07:00:00+00:00,0.0,0.014784624,0,0.0,0.06438679,0,0.0,0.0,0,0.0,0.07639231,0,0.0
2026-05-19 08:00:00+00:00,0.0,0.026563419,0,0.0,0.08503007,0,0.0,0.0,0,0.0,0.07639231,0,0.0
2026-05-19 09:00:00+00:00,0.0,0.02730155,0,0.0,0.04975581,0,0.0,0.0,0,0.0,0.045861296,0,0.0
2026-05-19 10:00:00+00:00,0.0,0.029728334,0,0.0,0.038888272,0,0.0,0.0,0,0.0,0.034285713,0,0.0
2026-05-19 11:00:00+00:00,0.0,0.029701868,0,0.0,0.026780762,0,0.0,0.0,0,0.0,0.02354788,0,0.0
2026-05-19 12:00:00+00:00,0.0,0.03675703,0,0.0,0.04231718,0,0.0,0.0,0,0.0,0.02354788,0,0.0
2026-05-19 13:00:00+00:00,0.0,0.036756262,0,0.0,0.021543182,0,0.0,0.0,0,0.0,0.02347418,0,0.0
2026-05-19 14:00:00+00:00,0.0,0.047306802,0,0.0,0.02647642,0,0.0,0.0,0,0.0,0.021951219,0,0.0
2026-05-19 15:00:00+00:00,0.0,0.019443352,0,0.0,0.011349519,0,0.0,0.0,0,0.0,0.012623985,0,0.0
2026-05-19 16:00:00+00:00,0.0,0.024901925,0,0.0,0.01076763,0,0.0,0.0,0,0.0,0.012623985,0,0.0
2026-05-19 17:00:00+00:00,0.0,0.02428717,0,0.0,0.0112051545,0,0.0,0.0,0,0.0,0.012623985,0,0.0
2026-05-19 18:00:00+00:00,0.0,0.025831066,0,0.0,0.011770402,0,0.0,0.0,0,0.0,0.009357455,0,0.0
2026-05-19 19:00:00+00:00,0.0,0.023957135,0,0.0,0.012145717,0,0.0,0.0,0,0.0,0.009357455,0,0.0
2026-05-19 20:00:00+00:00,0.0,0.017892191,0,0.0,0.010273959,0,0.0,0.0,0,0.0,0.006430868,0,0.0
2026-05-19 21:00:00+00:00,0.0,0.006715851,0,0.0,0.0069790096,0,0.0,0.09455128,0,0.0,0.0024982155,0,0.0
2026-05-19 22:00:00+00:00,0.0,0.00843914,0,0.0,0.00795512,0,0.0,0.09455128,0,0.0,0.0024982155,0,0.0
2026-05-19 23:00:00+00:00,0.0,0.007654106,0,0.0,0.0076922067,0,0.0,0.0,0,0.0,0.0037021802,0,0.0
2026-05-20 00:00:00+00:00,0.0,0.04370205,0,0.0,0.13649715,0,0.0,0.0,0,0.0,0.09417041,0,0.0
2026-05-20 01:00:00+00:00,0.0,0.024619287,0,0.0,0.062460963,0,0.0,0.09455128,0,0.0,0.07639231,0,0.0
2026-05-20 02:00:00+00:00,0.0,0.03575199,0,0.0,0.040799037,0,0.0,0.0,0,0.0,0.045861296,0,0.0
2026-05-20 03:00:00+00:00,0.3,0.022482583,0,0.0,0.034892693,0,0.0,0.0,0,0.0,0.045861296,0,0.0
2026-05-20 04:00:00+00:00,0.0,0.4171948,0,0.0,0.9906714,1,0.48355531692504883,0.09455128,0,0.0,0.9968553,1,0.4091510474681854
2026-05-20 05:00:00+00:00,0.0,0.01756744,0,0.0,0.06846464,0,0.0,0.09455128,0,0.0,0.12959069,0,0.0
2026-05-20 06:00:00+00:00,0.0,0.012632357,0,0.0,0.0539999,0,0.0,0.0,0,0.0,0.07639231,0,0.0
2026-05-20 07:00:00+00:00,0.0,0.016244845,0,0.0,0.06310398,0,0.0,0.0,0,0.0,0.07639231,0,0.0
2026-05-20 08:00:00+00:00,0.0,0.040568225,0,0.0,0.07861732,0,0.0,0.09455128,0,0.0,0.07639231,0,0.0
2026-05-20 09:00:00+00:00,0.0,0.05081842,0,0.0,0.07623688,0,0.0,0.09455128,0,0.0,0.045861296,0,0.0
2026-05-20 10:00:00+00:00,0.0,0.05418878,0,0.0,0.046260208,0,0.0,0.0,0,0.0,0.045861296,0,0.0
2026-05-20 11:00:00+00:00,0.0,0.055471722,0,0.0,0.044105332,0,0.0,0.09455128,0,0.0,0.041237112,0,0.0
2026-05-20 12:00:00+00:00,0.0,0.0541858,0,0.0,0.032859936,0,0.0,0.09455128,0,0.0,0.024216523,0,0.0
2026-05-20 13:00:00+00:00,0.0,0.07251552,0,0.0,0.027921747,0,0.0,0.0,0,0.0,0.024216523,0,0.0
2026-05-20 14:00:00+00:00,0.0,0.07232137,0,0.0,0.02820036,0,0.0,0.0,0,0.0,0.021951219,0,0.0
2026-05-20 15:00:00+00:00,0.0,0.033872783,0,0.0,0.014286365,0,0.0,0.0,0,0.0,0.021951219,0,0.0
2026-05-20 16:00:00+00:00,0.0,0.05585823,0,0.0,0.017352583,0,0.0,0.0,0,0.0,0.012623985,0,0.0
2026-05-20 17:00:00+00:00,0.0,0.029492514,0,0.0,0.012649641,0,0.0,0.0,0,0.0,0.009357455,0,0.0
2026-05-20 18:00:00+00:00,0.0,0.03329179,0,0.0,0.012261403,0,0.0,0.0,0,0.0,0.009357455,0,0.0
2026-05-20 19:00:00+00:00,0.0,0.030405952,0,0.0,0.009233789,0,0.0,0.0,0,0.0,0.009357455,0,0.0
2026-05-20 20:00:00+00:00,0.0,0.023034452,0,0.0,0.008626751,0,0.0,0.0,0,0.0,0.0037021802,0,0.0
2026-05-20 21:00:00+00:00,0.0,0.012823719,0,0.0,0.006987865,0,0.0,0.0,0,0.0,0.0024982155,0,0.0
2026-05-20 22:00:00+00:00,0.0,0.016283907,0,0.0,0.0074446155,0,0.0,0.0,0,0.0,0.0024982155,0,0.0
2026-05-20 23:00:00+00:00,0.0,0.016191665,0,0.0,0.007956321,0,0.0,0.0,0,0.0,0.0037021802,0,0.0
2026-05-21 00:00:00+00:00,0.0,0.045445606,0,0.0,0.12551412,0,0.0,0.0,0,0.0,0.10453401,0,0.0
2026-05-21 01:00:00+00:00,0.0,0.036019474,0,0.0,0.06666984,0,0.0,0.0,0,0.0,0.07639231,0,0.0
2026-05-21 02:00:00+00:00,0.0,0.06677779,0,0.0,0.064964905,0,0.0,0.0,0,0.0,0.07639231,0,0.0
2026-05-21 03:00:00+00:00,0.0,0.051185206,0,0.0,0.054698568,0,0.0,0.0,0,0.0,0.07639231,0,0.0
2026-05-21 04:00:00+00:00,0.0,0.019421408,0,0.0,0.06479614,0,0.0,0.0,0,0.0,0.07639231,0,0.0
2026-05-21 05:00:00+00:00,0.0,0.01601717,0,0.0,0.05374976,0,0.0,0.0,0,0.0,0.09417041,0,0.0
2026-05-21 06:00:00+00:00,0.0,0.019376433,0,0.0,0.06609147,0,0.0,0.0,0,0.0,0.10453401,0,0.0
2026-05-21 07:00:00+00:00,0.0,0.026213165,0,0.0,0.10453768,0,0.0,0.09455128,0,0.0,0.10453401,0,0.0
2026-05-21 08:00:00+00:00,0.0,0.01843094,0,0.0,0.08182889,0,0.0,0.09455128,0,0.0,0.10453401,0,0.0
2026-05-21 09:00:00+00:00,0.0,0.024790782,0,0.0,0.08132538,0,0.0,0.0,0,0.0,0.07639231,0,0.0
2026-05-21 10:00:00+00:00,0.0,0.051129956,0,0.0,0.051921062,0,0.0,0.0,0,0.0,0.07639231,0,0.0
2026-05-21 11:00:00+00:00,0.0,0.056587666,0,0.0,0.045170683,0,0.0,0.09455128,0,0.0,0.045861296,0,0.0
2026-05-21 12:00:00+00:00,0.0,0.05222329,0,0.0,0.04118311,0,0.0,0.051521093,0,0.0,0.034285713,0,0.0
2026-05-21 13:00:00+00:00,0.0,0.1289488,0,0.0,0.038129367,0,0.0,0.0,0,0.0,0.024216523,0,0.0
2026-05-21 14:00:00+00:00,0.0,0.102831565,0,0.0,0.03172671,0,0.0,0.0,0,0.0,0.02354788,0,0.0
2026-05-21 15:00:00+00:00,0.0,0.05736529,0,0.0,0.015636528,0,0.0,0.0,0,0.0,0.02347418,0,0.0
2026-05-21 16:00:00+00:00,0.0,0.04677846,0,0.0,0.01184733,0,0.0,0.0,0,0.0,0.012623985,0,0.0
2026-05-21 17:00:00+00:00,0.0,0.021928506,0,0.0,0.011061108,0,0.0,0.0,0,0.0,0.012623985,0,0.0
2026-05-21 18:00:00+00:00,0.0,0.014392553,0,0.0,0.011887462,0,0.0,0.0,0,0.0,0.009357455,0,0.0
2026-05-21 19:00:00+00:00,0.0,0.013755989,0,0.0,0.010934574,0,0.0,0.0,0,0.0,0.009357455,0,0.0
2026-05-21 20:00:00+00:00,0.0,0.012959359,0,0.0,0.008288595,0,0.0,0.0,0,0.0,0.009357455,0,0.0
2026-05-21 21:00:00+00:00,0.0,0.010949239,0,0.0,0.0076178643,0,0.0,0.09455128,0,0.0,0.0037021802,0,0.0
2026-05-21 22:00:00+00:00,0.0,0.00740108,0,0.0,0.0072519425,0,0.0,0.09455128,0,0.0,0.0024982155,0,0.0
2026-05-21 23:00:00+00:00,0.0,0.024040079,0,0.0,0.008827745,0,0.0,0.0,0,0.0,0.009357455,0,0.0
2026-05-22 00:00:00+00:00,0.0,0.05329074,0,0.0,0.12772892,0,0.0,0.0,0,0.0,0.10453401,0,0.0
2026-05-22 01:00:00+00:00,0.0,0.037390694,0,0.0,0.06576885,0,0.0,0.09455128,0,0.0,0.07639231,0,0.0
2026-05-22 02:00:00+00:00,0.0,0.058768988,0,0.0,0.05092724,0,0.0,0.09455128,0,0.0,0.045861296,0,0.0
2026-05-22 03:00:00+00:00,0.0,0.052595854,0,0.0,0.04931096,0,0.0,0.0,0,0.0,0.07639231,0,0.0
2026-05-22 04:00:00+00:00,0.0,0.04494432,0,0.0,0.06139313,0,0.0,0.09455128,0,0.0,0.07639231,0,0.0
2026-05-22 05:00:00+00:00,0.0,0.04123578,0,0.0,0.09818109,0,0.0,0.09455128,0,0.0,0.07639231,0,0.0
2026-05-22 06:00:00+00:00,0.0,0.027584048,0,0.0,0.08972229,0,0.0,0.09455128,0,0.0,0.1722973,0,0.0
2026-05-22 07:00:00+00:00,0.0,0.044277277,0,0.0,0.14400448,0,0.0,0.09455128,0,0.0,0.1722973,0,0.0
2026-05-22 08:00:00+00:00,0.0,0.039098118,0,0.0,0.12806241,0,0.0,0.09455128,0,0.0,0.14516129,0,0.0
2026-05-22 09:00:00+00:00,0.0,0.088046566,0,0.0,0.09782615,0,0.0,0.09455128,0,0.0,0.10453401,0,0.0
2026-05-22 10:00:00+00:00,0.0,0.100947306,0,0.0,0.07635914,0,0.0,0.09455128,0,0.0,0.07639231,0,0.0
2026-05-22 11:00:00+00:00,0.0,0.090624526,0,0.0,0.048797376,0,0.0,0.09455128,0,0.0,0.045861296,0,0.0
2026-05-22 12:00:00+00:00,0.0,0.06541406,0,0.0,0.04578143,0,0.0,0.09455128,0,0.0,0.041237112,0,0.0
2026-05-22 13:00:00+00:00,0.0,0.117209084,0,0.0,0.030756354,0,0.0,0.09455128,0,0.0,0.024216523,0,0.0
2026-05-22 14:00:00+00:00,16.2,0.15926355,0,0.0,0.03364381,0,0.0,0.0,0,0.0,0.02354788,0,0.0
2026-05-22 15:00:00+00:00,1.5,0.74511844,1,5.405663013458252,0.99625885,1,7.418320178985596,0.62,1,3.1567959785461426,1.0,1,6.920038223266602
2026-05-22 16:00:00+00:00,0.0,0.743533,1,1.4746737480163574,0.99821496,1,1.0944817066192627,0.40123457,1,1.2014801502227783,1.0,1,2.0991499423980713
2026-05-22 17:00:00+00:00,0.0,0.12986515,0,0.0,0.041635886,0,0.0,0.248,0,0.0,0.0007204611,0,0.0
2026-05-22 18:00:00+00:00,0.0,0.08433226,0,0.0,0.009920478,0,0.0,0.248,0,0.0,0.009357455,0,0.0
2026-05-22 19:00:00+00:00,0.0,0.07530896,0,0.0,0.009445739,0,0.0,0.09455128,0,0.0,0.02347418,0,0.0
2026-05-22 20:00:00+00:00,0.0,0.033315126,0,0.0,0.0094552105,0,0.0,0.09455128,0,0.0,0.012623985,0,0.0
2026-05-22 21:00:00+00:00,0.0,0.014560621,0,0.0,0.005415867,0,0.0,0.09455128,0,0.0,0.0037021802,0,0.0
2026-05-22 22:00:00+00:00,0.0,0.016360275,0,0.0,0.0063769026,0,0.0,0.0,0,0.0,0.02347418,0,0.0
2026-05-22 23:00:00+00:00,0.0,0.009819169,0,0.0,0.0073484974,0,0.0,0.09455128,0,0.0,0.024216523,0,0.0
2026-05-23 00:00:00+00:00,0.0,0.035664987,0,0.0,0.09191377,0,0.0,0.09455128,0,0.0,0.09417041,0,0.0
2026-05-23 01:00:00+00:00,0.0,0.037137832,0,0.0,0.05996055,0,0.0,0.09455128,0,0.0,0.045861296,0,0.0
2026-05-23 02:00:00+00:00,0.0,0.049425863,0,0.0,0.05222905,0,0.0,0.09455128,0,0.0,0.045861296,0,0.0
2026-05-23 03:00:00+00:00,0.0,0.029336723,0,0.0,0.048269916,0,0.0,0.09455128,0,0.0,0.045861296,0,0.0
2026-05-23 04:00:00+00:00,0.0,0.02359352,0,0.0,0.06816068,0,0.0,0.0,0,0.0,0.07639231,0,0.0
2026-05-23 05:00:00+00:00,0.0,0.017388728,0,0.0,0.06693191,0,0.0,0.0,0,0.0,0.10453401,0,0.0
2026-05-23 06:00:00+00:00,0.0,0.018766584,0,0.0,0.082241416,0,0.0,0.0,0,0.0,0.14516129,0,0.0
2026-05-23 07:00:00+00:00,0.0,0.012896662,0,0.0,0.061679,0,0.0,0.0,0,0.0,0.14516129,0,0.0
2026-05-23 08:00:00+00:00,0.0,0.01701036,0,0.0,0.073603146,0,0.0,0.09455128,0,0.0,0.10453401,0,0.0
2026-05-23 09:00:00+00:00,0.0,0.017502537,0,0.0,0.06201872,0,0.0,0.09455128,0,0.0,0.07639231,0,0.0
2026-05-23 10:00:00+00:00,0.0,0.03756732,0,0.0,0.046500236,0,0.0,0.0,0,0.0,0.045861296,0,0.0
2026-05-23 11:00:00+00:00,0.0,0.057950504,0,0.0,0.052966967,0,0.0,0.0,0,0.0,0.044198897,0,0.0
2026-05-23 12:00:00+00:00,0.0,0.039335467,0,0.0,0.038173117,0,0.0,0.0,0,0.0,0.024216523,0,0.0
2026-05-23 13:00:00+00:00,0.0,0.073901474,0,0.0,0.03710188,0,0.0,0.0,0,0.0,0.024216523,0,0.0
2026-05-23 14:00:00+00:00,0.0,0.06408772,0,0.0,0.035182912,0,0.0,0.0,0,0.0,0.02354788,0,0.0
2026-05-23 15:00:00+00:00,0.0,0.09049362,0,0.0,0.020370824,0,0.0,0.0,0,0.0,0.021951219,0,0.0
2026-05-23 16:00:00+00:00,0.0,0.027784338,0,0.0,0.017663963,0,0.0,0.0,0,0.0,0.012623985,0,0.0
2026-05-23 17:00:00+00:00,0.0,0.019805487,0,0.0,0.012970893,0,0.0,0.0,0,0.0,0.009357455,0,0.0
2026-05-23 18:00:00+00:00,0.0,0.014479181,0,0.0,0.011244608,0,0.0,0.0,0,0.0,0.009357455,0,0.0
2026-05-23 19:00:00+00:00,0.0,0.011425123,0,0.0,0.009067972,0,0.0,0.0,0,0.0,0.009357455,0,0.0
2026-05-23 20:00:00+00:00,0.0,0.019056965,0,0.0,0.00952284,0,0.0,0.0,0,0.0,0.0037021802,0,0.0
2026-05-23 21:00:00+00:00,0.0,0.016432261,0,0.0,0.007584449,0,0.0,0.0,0,0.0,0.0037021802,0,0.0
2026-05-23 22:00:00+00:00,0.0,0.009053663,0,0.0,0.0076481104,0,0.0,0.0,0,0.0,0.0024982155,0,0.0
2026-05-23 23:00:00+00:00,0.0,0.008442705,0,0.0,0.007818814,0,0.0,0.0,0,0.0,0.0037021802,0,0.0
2026-05-24 00:00:00+00:00,0.0,0.06124261,0,0.0,0.16540039,0,0.0,0.0,0,0.0,0.09417041,0,0.0
2026-05-24 01:00:00+00:00,0.0,0.0470948,0,0.0,0.07707162,0,0.0,0.0,0,0.0,0.07639231,0,0.0
2026-05-24 02:00:00+00:00,0.0,0.054749925,0,0.0,0.048531804,0,0.0,0.09455128,0,0.0,0.044198897,0,0.0
2026-05-24 03:00:00+00:00,0.0,0.04244624,0,0.0,0.05215824,0,0.0,0.0,0,0.0,0.041237112,0,0.0
2026-05-24 04:00:00+00:00,0.0,0.023096783,0,0.0,0.05736399,0,0.0,0.0,0,0.0,0.045861296,0,0.0
2026-05-24 05:00:00+00:00,0.0,0.020909533,0,0.0,0.061787054,0,0.0,0.09455128,0,0.0,0.07639231,0,0.0
2026-05-24 06:00:00+00:00,0.0,0.0114344815,0,0.0,0.043937456,0,0.0,0.0,0,0.0,0.07639231,0,0.0
2026-05-24 07:00:00+00:00,0.0,0.0065499577,0,0.0,0.03004792,0,0.0,0.0,0,0.0,0.09417041,0,0.0
2026-05-24 08:00:00+00:00,0.0,0.0074335714,0,0.0,0.036893245,0,0.0,0.0,0,0.0,0.07639231,0,0.0
2026-05-24 09:00:00+00:00,0.0,0.01256809,0,0.0,0.048154328,0,0.0,0.0,0,0.0,0.045861296,0,0.0
2026-05-24 10:00:00+00:00,0.0,0.03986475,0,0.0,0.04257948,0,0.0,0.0,0,0.0,0.034285713,0,0.0
2026-05-24 11:00:00+00:00,0.0,0.03229827,0,0.0,0.030710638,0,0.0,0.0,0,0.0,0.024216523,0,0.0
2026-05-24 12:00:00+00:00,0.0,0.03366496,0,0.0,0.03225569,0,0.0,0.0,0,0.0,0.02354788,0,0.0
2026-05-24 13:00:00+00:00,0.0,0.043032635,0,0.0,0.027692145,0,0.0,0.0,0,0.0,0.02347418,0,0.0
2026-05-24 14:00:00+00:00,0.0,0.06510721,0,0.0,0.027972799,0,0.0,0.09455128,0,0.0,0.021951219,0,0.0
2026-05-24 15:00:00+00:00,3.9,0.08705943,0,0.0,0.017088057,0,0.0,0.09455128,0,0.0,0.021951219,0,0.0
2026-05-24 16:00:00+00:00,1.5,0.6764553,1,5.034034729003906,0.9968677,1,4.844611167907715,0.5582822,1,2.593156337738037,1.0,1,4.196150302886963
2026-05-24 17:00:00+00:00,0.6,0.70178896,1,1.5242805480957031,0.99820626,1,0.9566482901573181,0.40123457,1,1.1416468620300293,1.0,1,1.8003616333007812
2026-05-24 18:00:00+00:00,0.0,0.36580476,0,0.0,0.97571987,1,0.4730938971042633,0.31736526,0,0.0,0.91729325,1,0.40298372507095337
2026-05-24 19:00:00+00:00,0.0,0.0642512,0,0.0,0.007129076,0,0.0,0.248,0,0.0,0.0007204611,0,0.0
2026-05-24 20:00:00+00:00,0.0,0.07129611,0,0.0,0.009718467,0,0.0,0.09455128,0,0.0,0.009357455,0,0.0
2026-05-24 21:00:00+00:00,0.0,0.049630683,0,0.0,0.0073834877,0,0.0,0.09455128,0,0.0,0.0037021802,0,0.0
2026-05-24 22:00:00+00:00,0.0,0.019229654,0,0.0,0.006564933,0,0.0,0.0,0,0.0,0.0024982155,0,0.0
2026-05-24 23:00:00+00:00,0.0,0.024262944,0,0.0,0.01033651,0,0.0,0.0,0,0.0,0.02354788,0,0.0
2026-05-25 00:00:00+00:00,0.0,0.06328084,0,0.0,0.2063885,0,0.0,0.0,0,0.0,0.10453401,0,0.0
2026-05-25 01:00:00+00:00,0.0,0.03511578,0,0.0,0.09668353,0,0.0,0.0,0,0.0,0.07639231,0,0.0
2026-05-25 02:00:00+00:00,0.3,0.029338025,0,0.0,0.053894583,0,0.0,0.0,0,0.0,0.041237112,0,0.0
2026-05-25 03:00:00+00:00,0.0,0.36374322,0,0.0,0.98889726,1,0.45048788189888,0.248,0,0.0,0.9948454,1,0.35697028040885925
2026-05-25 04:00:00+00:00,0.0,0.04250294,0,0.0,0.04842374,0,0.0,0.09455128,0,0.0,0.10453401,0,0.0
2026-05-25 05:00:00+00:00,0.0,0.014314615,0,0.0,0.023513438,0,0.0,0.0,0,0.0,0.07639231,0,0.0
2026-05-25 06:00:00+00:00,0.0,0.01567362,0,0.0,0.041787807,0,0.0,0.0,0,0.0,0.045861296,0,0.0
2026-05-25 07:00:00+00:00,0.0,0.003842237,0,0.0,0.017689383,0,0.0,0.0,0,0.0,0.041237112,0,0.0
2026-05-25 08:00:00+00:00,0.0,0.0027080765,0,0.0,0.013497959,0,0.0,0.0,0,0.0,0.024216523,0,0.0
2026-05-25 09:00:00+00:00,0.0,0.003771642,0,0.0,0.015868854,0,0.0,0.0,0,0.0,0.02354788,0,0.0
2026-05-25 10:00:00+00:00,0.0,0.01473377,0,0.0,0.020854536,0,0.0,0.0,0,0.0,0.024216523,0,0.0
2026-05-25 11:00:00+00:00,0.0,0.018399624,0,0.0,0.01841133,0,0.0,0.0,0,0.0,0.02347418,0,0.0
2026-05-25 12:00:00+00:00,0.0,0.018768292,0,0.0,0.01574141,0,0.0,0.0,0,0.0,0.02347418,0,0.0
2026-05-25 13:00:00+00:00,0.0,0.024827473,0,0.0,0.014585586,0,0.0,0.0,0,0.0,0.012623985,0,0.0
2026-05-25 14:00:00+00:00,0.0,0.024336208,0,0.0,0.014360392,0,0.0,0.0,0,0.0,0.012623985,0,0.0
2026-05-25 15:00:00+00:00,0.0,0.029722206,0,0.0,0.013094759,0,0.0,0.0,0,0.0,0.009357455,0,0.0
2026-05-25 16:00:00+00:00,0.0,0.01984354,0,0.0,0.016034307,0,0.0,0.0,0,0.0,0.009357455,0,0.0
2026-05-25 17:00:00+00:00,0.0,0.013727491,0,0.0,0.010281632,0,0.0,0.0,0,0.0,0.006430868,0,0.0
2026-05-25 18:00:00+00:00,0.0,0.013049144,0,0.0,0.010457863,0,0.0,0.0,0,0.0,0.0037021802,0,0.0
2026-05-25 19:00:00+00:00,0.0,0.012456139,0,0.0,0.010217013,0,0.0,0.0,0,0.0,0.0037021802,0,0.0
2026-05-25 20:00:00+00:00,0.0,0.00876005,0,0.0,0.007936263,0,0.0,0.0,0,0.0,0.0024982155,0,0.0
2026-05-25 21:00:00+00:00,0.0,0.008634605,0,0.0,0.0064696386,0,0.0,0.0,0,0.0,0.0024982155,0,0.0
2026-05-25 22:00:00+00:00,0.0,0.0060974434,0,0.0,0.0077066007,0,0.0,0.0,0,0.0,0.0024982155,0,0.0
2026-05-25 23:00:00+00:00,0.0,0.008672271,0,0.0,0.009893429,0,0.0,0.0,0,0.0,0.0024982155,0,0.0
2026-05-26 00:00:00+00:00,0.0,0.017103368,0,0.0,0.05000093,0,0.0,0.0,0,0.0,0.07639231,0,0.0
2026-05-26 01:00:00+00:00,0.0,0.017746411,0,0.0,0.04878101,0,0.0,0.0,0,0.0,0.034285713,0,0.0
2026-05-26 02:00:00+00:00,0.0,0.017876327,0,0.0,0.023252666,0,0.0,0.0,0,0.0,0.024216523,0,0.0
2026-05-26 03:00:00+00:00,0.0,0.008512961,0,0.0,0.012552809,0,0.0,0.0,0,0.0,0.024216523,0,0.0
2026-05-26 04:00:00+00:00,0.0,0.003928139,0,0.0,0.011261055,0,0.0,0.0,0,0.0,0.02347418,0,0.0
2026-05-26 05:00:00+00:00,0.0,0.0025163072,0,0.0,0.009197661,0,0.0,0.0,0,0.0,0.012623985,0,0.0
2026-05-26 06:00:00+00:00,0.0,0.0013158852,0,0.0,0.0059240335,0,0.0,0.0,0,0.0,0.02347418,0,0.0
2026-05-26 07:00:00+00:00,0.0,0.0013715945,0,0.0,0.0064356267,0,0.0,0.0,0,0.0,0.02354788,0,0.0
2026-05-26 08:00:00+00:00,0.0,0.00094450254,0,0.0,0.005030726,0,0.0,0.0,0,0.0,0.02347418,0,0.0
2026-05-26 09:00:00+00:00,0.0,0.0011905291,0,0.0,0.0050026122,0,0.0,0.0,0,0.0,0.012623985,0,0.0
2026-05-26 10:00:00+00:00,0.0,0.002530152,0,0.0,0.0046829893,0,0.0,0.0,0,0.0,0.009357455,0,0.0
2026-05-26 11:00:00+00:00,0.0,0.00533557,0,0.0,0.0054622893,0,0.0,0.0,0,0.0,0.009357455,0,0.0
2026-05-26 12:00:00+00:00,0.0,0.00404737,0,0.0,0.006044499,0,0.0,0.0,0,0.0,0.009357455,0,0.0
2026-05-26 13:00:00+00:00,0.0,0.008102601,0,0.0,0.008054197,0,0.0,0.0,0,0.0,0.0037021802,0,0.0
2026-05-26 14:00:00+00:00,0.0,0.01217899,0,0.0,0.009507916,0,0.0,0.0,0,0.0,0.0037021802,0,0.0
2026-05-26 15:00:00+00:00,0.0,0.0063368077,0,0.0,0.0053544054,0,0.0,0.0,0,0.0,0.0037021802,0,0.0
2026-05-26 16:00:00+00:00,0.0,0.015936695,0,0.0,0.0065348335,0,0.0,0.0,0,0.0,0.0037021802,0,0.0
2026-05-26 17:00:00+00:00,0.0,0.00789449,0,0.0,0.00678897,0,0.0,0.0,0,0.0,0.0024982155,0,0.0
2026-05-26 18:00:00+00:00,0.0,0.0065372763,0,0.0,0.0069259144,0,0.0,0.0,0,0.0,0.0024982155,0,0.0
2026-05-26 19:00:00+00:00,0.0,0.008144071,0,0.0,0.0076260623,0,0.0,0.0,0,0.0,0.0024982155,0,0.0
2026-05-26 20:00:00+00:00,0.0,0.006376694,0,0.0,0.0059476,0,0.0,0.0,0,0.0,0.0024982155,0,0.0
2026-05-26 21:00:00+00:00,0.0,0.012243559,0,0.0,0.0060361456,0,0.0,0.0,0,0.0,0.0024982155,0,0.0
2026-05-26 22:00:00+00:00,0.0,0.008092363,0,0.0,0.0066154026,0,0.0,0.0,0,0.0,0.0014925373,0,0.0
2026-05-26 23:00:00+00:00,0.0,0.02352216,0,0.0,0.008155485,0,0.0,0.0,0,0.0,0.0024982155,0,0.0
2026-05-27 00:00:00+00:00,0.0,0.019730022,0,0.0,0.07034777,0,0.0,0.0,0,0.0,0.07639231,0,0.0
2026-05-27 01:00:00+00:00,0.0,0.014695927,0,0.0,0.04649277,0,0.0,0.0,0,0.0,0.024216523,0,0.0
2026-05-27 02:00:00+00:00,0.0,0.010665736,0,0.0,0.015327074,0,0.0,0.0,0,0.0,0.024216523,0,0.0
2026-05-27 03:00:00+00:00,0.0,0.005832789,0,0.0,0.008311667,0,0.0,0.0,0,0.0,0.02354788,0,0.0
2026-05-27 04:00:00+00:00,0.0,0.0031185956,0,0.0,0.009058893,0,0.0,0.0,0,0.0,0.012623985,0,0.0
2026-05-27 05:00:00+00:00,0.0,0.0017887675,0,0.0,0.00642144,0,0.0,0.0,0,0.0,0.009357455,0,0.0
2026-05-27 06:00:00+00:00,0.0,0.002011189,0,0.0,0.007256386,0,0.0,0.0,0,0.0,0.009357455,0,0.0
2026-05-27 07:00:00+00:00,0.0,0.0018664189,0,0.0,0.006731394,0,0.0,0.0,0,0.0,0.009357455,0,0.0
2026-05-27 08:00:00+00:00,0.0,0.0008386652,0,0.0,0.0043804375,0,0.0,0.0,0,0.0,0.009357455,0,0.0
2026-05-27 09:00:00+00:00,0.0,0.0009925053,0,0.0,0.0044519454,0,0.0,0.0,0,0.0,0.009357455,0,0.0
2026-05-27 10:00:00+00:00,0.0,0.0031965948,0,0.0,0.004117429,0,0.0,0.0,0,0.0,0.009357455,0,0.0
2026-05-27 11:00:00+00:00,0.0,0.0033413232,0,0.0,0.0040644184,0,0.0,0.0,0,0.0,0.009357455,0,0.0
2026-05-27 12:00:00+00:00,0.0,0.003195044,0,0.0,0.004050945,0,0.0,0.0,0,0.0,0.009357455,0,0.0
2026-05-27 13:00:00+00:00,0.0,0.0063435184,0,0.0,0.003643774,0,0.0,0.0,0,0.0,0.007068601,0,0.0
2026-05-27 14:00:00+00:00,0.0,0.006973223,0,0.0,0.0041293004,0,0.0,0.0,0,0.0,0.0037021802,0,0.0
2026-05-27 15:00:00+00:00,0.0,0.0070669665,0,0.0,0.0042794785,0,0.0,0.0,0,0.0,0.0037021802,0,0.0
2026-05-27 16:00:00+00:00,0.0,0.01289574,0,0.0,0.004978789,0,0.0,0.0,0,0.0,0.0037021802,0,0.0
2026-05-27 17:00:00+00:00,0.3,0.011255673,0,0.0,0.0042020087,0,0.0,0.0,0,0.0,0.0037021802,0,0.0
2026-05-27 18:00:00+00:00,0.0,0.27369446,0,0.0,0.80334055,1,0.44025716185569763,0.09455128,0,0.0,0.7,1,0.3026427626609802
2026-05-27 19:00:00+00:00,0.0,0.038549196,0,0.0,0.030852303,0,0.0,0.0,0,0.0,0.024216523,0,0.0
2026-05-27 20:00:00+00:00,0.0,0.016387308,0,0.0,0.0060621346,0,0.0,0.0,0,0.0,0.012623985,0,0.0
2026-05-27 21:00:00+00:00,0.0,0.05633623,0,0.0,0.026650373,0,0.0,0.0,0,0.0,0.009357455,0,0.0
2026-05-27 22:00:00+00:00,0.0,0.011719351,0,0.0,0.00660685,0,0.0,0.0,0,0.0,0.0024982155,0,0.0
2026-05-27 23:00:00+00:00,0.0,0.03510388,0,0.0,0.008176815,0,0.0,0.0,0,0.0,0.0024982155,0,0.0
2026-05-28 00:00:00+00:00,0.0,0.041989267,0,0.0,0.11300188,0,0.0,0.0,0,0.0,0.09417041,0,0.0
2026-05-28 01:00:00+00:00,0.0,0.059472024,0,0.0,0.09719445,0,0.0,0.0,0,0.0,0.045861296,0,0.0
2026-05-28 02:00:00+00:00,0.0,0.026792206,0,0.0,0.042889223,0,0.0,0.0,0,0.0,0.041237112,0,0.0
2026-05-28 03:00:00+00:00,0.0,0.027799986,0,0.0,0.033429544,0,0.0,0.0,0,0.0,0.044198897,0,0.0
2026-05-28 04:00:00+00:00,0.0,0.012909622,0,0.0,0.034633353,0,0.0,0.0,0,0.0,0.041237112,0,0.0
2026-05-28 05:00:00+00:00,0.0,0.014968134,0,0.0,0.04069326,0,0.0,0.0,0,0.0,0.044198897,0,0.0
2026-05-28 06:00:00+00:00,0.0,0.0104294745,0,0.0,0.03904271,0,0.0,0.0,0,0.0,0.07639231,0,0.0
2026-05-28 07:00:00+00:00,0.0,0.0058238264,0,0.0,0.029270086,0,0.0,0.0,0,0.0,0.045861296,0,0.0
2026-05-28 08:00:00+00:00,0.0,0.006572121,0,0.0,0.03469848,0,0.0,0.0,0,0.0,0.045861296,0,0.0
2026-05-28 09:00:00+00:00,0.0,0.00708691,0,0.0,0.03179866,0,0.0,0.0,0,0.0,0.041237112,0,0.0
2026-05-28 10:00:00+00:00,0.0,0.01530532,0,0.0,0.028741462,0,0.0,0.0,0,0.0,0.024216523,0,0.0
2026-05-28 11:00:00+00:00,0.0,0.009050106,0,0.0,0.015154679,0,0.0,0.0,0,0.0,0.012623985,0,0.0
2026-05-28 12:00:00+00:00,0.0,0.009065967,0,0.0,0.013151468,0,0.0,0.0,0,0.0,0.012623985,0,0.0
2026-05-28 13:00:00+00:00,0.0,0.01422363,0,0.0,0.011010746,0,0.0,0.0,0,0.0,0.009357455,0,0.0
2026-05-28 14:00:00+00:00,0.0,0.014528328,0,0.0,0.008938906,0,0.0,0.0,0,0.0,0.009357455,0,0.0
2026-05-28 15:00:00+00:00,0.0,0.013295139,0,0.0,0.008170986,0,0.0,0.0,0,0.0,0.0037021802,0,0.0
2026-05-28 16:00:00+00:00,0.0,0.01336022,0,0.0,0.0070707146,0,0.0,0.0,0,0.0,0.0037021802,0,0.0
2026-05-28 17:00:00+00:00,0.0,0.01537668,0,0.0,0.0048627886,0,0.0,0.0,0,0.0,0.0037021802,0,0.0
2026-05-28 18:00:00+00:00,0.0,0.0155117,0,0.0,0.0052243145,0,0.0,0.0,0,0.0,0.0024982155,0,0.0
2026-05-28 19:00:00+00:00,0.0,0.008163608,0,0.0,0.0048712324,0,0.0,0.0,0,0.0,0.0024982155,0,0.0
2026-05-28 20:00:00+00:00,0.0,0.0071239574,0,0.0,0.0065171714,0,0.0,0.0,0,0.0,0.0024982155,0,0.0
2026-05-28 21:00:00+00:00,0.0,0.0043299785,0,0.0,0.0045043714,0,0.0,0.0,0,0.0,0.0024982155,0,0.0
2026-05-28 22:00:00+00:00,0.0,0.0072431555,0,0.0,0.0062175407,0,0.0,0.0,0,0.0,0.0014925373,0,0.0
2026-05-28 23:00:00+00:00,0.0,0.0117226485,0,0.0,0.008263689,0,0.0,0.0,0,0.0,0.0024982155,0,0.0
2026-05-29 00:00:00+00:00,0.0,0.03884669,0,0.0,0.1606788,0,0.0,0.0,0,0.0,0.07639231,0,0.0
2026-05-29 01:00:00+00:00,0.0,0.027764482,0,0.0,0.0983738,0,0.0,0.0,0,0.0,0.041237112,0,0.0
2026-05-29 02:00:00+00:00,0.0,0.028210927,0,0.0,0.034707017,0,0.0,0.0,0,0.0,0.034285713,0,0.0
2026-05-29 03:00:00+00:00,0.0,0.010596568,0,0.0,0.01811457,0,0.0,0.0,0,0.0,0.02347418,0,0.0
2026-05-29 04:00:00+00:00,0.0,0.006798681,0,0.0,0.015511343,0,0.0,0.0,0,0.0,0.012623985,0,0.0
2026-05-29 05:00:00+00:00,0.0,0.0019548768,0,0.0,0.0074499277,0,0.0,0.0,0,0.0,0.012623985,0,0.0
2026-05-29 06:00:00+00:00,0.0,0.0021175768,0,0.0,0.009157816,0,0.0,0.0,0,0.0,0.012623985,0,0.0
2026-05-29 07:00:00+00:00,0.0,0.0016638847,0,0.0,0.009406096,0,0.0,0.09455128,0,0.0,0.021951219,0,0.0
2026-05-29 08:00:00+00:00,0.0,0.0010168614,0,0.0,0.0049312115,0,0.0,0.09455128,0,0.0,0.012623985,0,0.0
2026-05-29 09:00:00+00:00,0.0,0.0011347709,0,0.0,0.0057850713,0,0.0,0.0,0,0.0,0.009357455,0,0.0
2026-05-29 10:00:00+00:00,0.0,0.001416817,0,0.0,0.005310054,0,0.0,0.0,0,0.0,0.0037021802,0,0.0
2026-05-29 11:00:00+00:00,0.0,0.0028648488,0,0.0,0.004682916,0,0.0,0.0,0,0.0,0.0037021802,0,0.0
2026-05-29 12:00:00+00:00,0.0,0.003715333,0,0.0,0.0040291124,0,0.0,0.0,0,0.0,0.0037021802,0,0.0
2026-05-29 13:00:00+00:00,0.0,0.005327506,0,0.0,0.0042359154,0,0.0,0.0,0,0.0,0.0037021802,0,0.0
2026-05-29 14:00:00+00:00,0.0,0.0065482175,0,0.0,0.005080613,0,0.0,0.0,0,0.0,0.0037021802,0,0.0
2026-05-29 15:00:00+00:00,0.0,0.0044619916,0,0.0,0.0038129303,0,0.0,0.0,0,0.0,0.0024982155,0,0.0
2026-05-29 16:00:00+00:00,0.0,0.0062371227,0,0.0,0.004642311,0,0.0,0.0,0,0.0,0.0024982155,0,0.0
2026-05-29 17:00:00+00:00,0.0,0.008216611,0,0.0,0.002873569,0,0.0,0.0,0,0.0,0.0024982155,0,0.0
2026-05-29 18:00:00+00:00,0.0,0.0060085063,0,0.0,0.0034660609,0,0.0,0.0,0,0.0,0.0024982155,0,0.0
2026-05-29 19:00:00+00:00,0.0,0.013066271,0,0.0,0.00403197,0,0.0,0.0,0,0.0,0.0024982155,0,0.0
2026-05-29 20:00:00+00:00,0.0,0.003861984,0,0.0,0.004130883,0,0.0,0.0,0,0.0,0.0024982155,0,0.0
2026-05-29 21:00:00+00:00,0.0,0.004093968,0,0.0,0.0039412435,0,0.0,0.0,0,0.0,0.0024982155,0,0.0
2026-05-29 22:00:00+00:00,0.0,0.0077577317,0,0.0,0.004807676,0,0.0,0.0,0,0.0,0.0014925373,0,0.0
2026-05-29 23:00:00+00:00,0.0,0.010506338,0,0.0,0.004028177,0,0.0,0.0,0,0.0,0.0024982155,0,0.0
2026-05-30 00:00:00+00:00,0.0,0.0037119794,0,0.0,0.017996851,0,0.0,0.0,0,0.0,0.07639231,0,0.0
2026-05-30 01:00:00+00:00,0.0,0.008539602,0,0.0,0.0294858,0,0.0,0.0,0,0.0,0.024216523,0,0.0
2026-05-30 02:00:00+00:00,0.0,0.010204228,0,0.0,0.008979961,0,0.0,0.0,0,0.0,0.02354788,0,0.0
2026-05-30 03:00:00+00:00,0.0,0.0043415306,0,0.0,0.005568599,0,0.0,0.0,0,0.0,0.02347418,0,0.0
2026-05-30 04:00:00+00:00,0.0,0.0031460647,0,0.0,0.008116904,0,0.0,0.0,0,0.0,0.012623985,0,0.0
2026-05-30 05:00:00+00:00,0.0,0.0018447249,0,0.0,0.0066401223,0,0.0,0.0,0,0.0,0.012623985,0,0.0
2026-05-30 06:00:00+00:00,0.0,0.002031372,0,0.0,0.007993452,0,0.0,0.0,0,0.0,0.012623985,0,0.0
2026-05-30 07:00:00+00:00,0.0,0.0022486355,0,0.0,0.008879467,0,0.0,0.0,0,0.0,0.021951219,0,0.0
2026-05-30 08:00:00+00:00,0.0,0.0016219175,0,0.0,0.007565633,0,0.0,0.0,0,0.0,0.012623985,0,0.0
2026-05-30 09:00:00+00:00,0.0,0.0012178267,0,0.0,0.005521082,0,0.0,0.0,0,0.0,0.009357455,0,0.0
2026-05-30 10:00:00+00:00,0.3,0.0013569659,0,0.0,0.0049381847,0,0.0,0.0,0,0.0,0.009357455,0,0.0
2026-05-30 11:00:00+00:00,0.0,0.21707007,0,0.0,0.8667717,1,0.43249383568763733,0.248,0,0.0,0.8703704,1,0.3596813678741455
2026-05-30 12:00:00+00:00,0.0,0.025310641,0,0.0,0.0254996,0,0.0,0.09455128,0,0.0,0.045861296,0,0.0
2026-05-30 13:00:00+00:00,0.0,0.0064989044,0,0.0,0.006706518,0,0.0,0.0,0,0.0,0.02347418,0,0.0
2026-05-30 14:00:00+00:00,0.0,0.061554942,0,0.0,0.030939624,0,0.0,0.0,0,0.0,0.012623985,0,0.0
2026-05-30 15:00:00+00:00,0.0,0.0043619494,0,0.0,0.0038060509,0,0.0,0.0,0,0.0,0.009357455,0,0.0
2026-05-30 16:00:00+00:00,0.0,0.004417382,0,0.0,0.0042225835,0,0.0,0.0,0,0.0,0.0037021802,0,0.0
2026-05-30 17:00:00+00:00,0.0,0.006926915,0,0.0,0.007154611,0,0.0,0.0,0,0.0,0.0037021802,0,0.0
2026-05-30 18:00:00+00:00,0.0,0.0033973968,0,0.0,0.0035869617,0,0.0,0.0,0,0.0,0.0037021802,0,0.0
2026-05-30 19:00:00+00:00,0.0,0.0035369531,0,0.0,0.0041240132,0,0.0,0.0,0,0.0,0.0024982155,0,0.0
2026-05-30 20:00:00+00:00,0.0,0.011181573,0,0.0,0.0040119314,0,0.0,0.0,0,0.0,0.0024982155,0,0.0
2026-05-30 21:00:00+00:00,0.0,0.013620227,0,0.0,0.0042617037,0,0.0,0.0,0,0.0,0.0024982155,0,0.0
2026-05-30 22:00:00+00:00,0.0,0.024344344,0,0.0,0.006499976,0,0.0,0.0,0,0.0,0.0024982155,0,0.0
2026-05-30 23:00:00+00:00,0.0,0.008698354,0,0.0,0.00868604,0,0.0,0.0,0,0.0,0.0024982155,0,0.0
2026-05-31 00:00:00+00:00,0.0,0.022169566,0,0.0,0.07516409,0,0.0,0.0,0,0.0,0.07639231,0,0.0
